date,code,open,high,low,close,preclose,volume,amount,pctChg
2020-01-02,sz.399001,10509.1240,10663.5540,10479.7730,10638.8240,10430.7660,39325746944,424347406336.0000,1.994657
2020-01-03,sz.399001,10666.6550,10689.5910,10594.3570,10656.4060,10638.8240,37418270208,405405339648.0000,0.165263
2020-01-06,sz.399001,10599.4110,10799.5790,10577.7820,10698.2730,10656.4060,43964164608,472892674048.0000,0.392881
2020-01-07,sz.399001,10725.1770,10829.0450,10723.8570,10829.0450,10698.2730,41449962752,444165763072.0000,1.222366
2020-01-08,sz.399001,10776.7070,10851.2810,10681.0240,10706.8680,10829.0450,46250691072,472740642816.0000,-1.128234
2020-01-09,sz.399001,10807.0370,10899.4820,10807.0370,10898.1660,10706.8680,39659111424,434903322624.0000,1.786685
2020-01-10,sz.399001,10927.9810,10933.8050,10833.5190,10879.8420,10898.1660,35568971264,398600765440.0000,-0.168138
2020-01-13,sz.399001,10893.9950,11040.2010,10851.7190,11040.2010,10879.8420,34527366400,409505554432.0000,1.473909
2020-01-14,sz.399001,11074.8860,11086.8080,10983.4150,10988.7670,11040.2010,37729812224,430400618496.0000,-0.465879
2020-01-15,sz.399001,10978.2810,11001.8050,10882.7870,10972.3160,10988.7670,33123327232,378160533504.0000,-0.149707
2020-01-16,sz.399001,10986.6480,11008.2080,10934.7240,10967.4350,10972.3160,31796837376,375957684224.0000,-0.044485
2020-01-17,sz.399001,11001.6770,11045.2500,10927.8400,10954.3880,10967.4350,30482010368,365143216128.0000,-0.118961
2020-01-20,sz.399001,10981.5040,11115.8840,10936.8030,11115.8840,10954.3880,33062551296,408001032192.0000,1.474259
2020-01-21,sz.399001,11077.6570,11078.0390,10948.5760,10953.4130,11115.8840,33854080512,404258430976.0000,-1.461611
2020-01-22,sz.399001,10896.5540,11105.6900,10761.6760,11072.0570,10953.4130,35209008128,429531267072.0000,1.083169
2020-01-23,sz.399001,10947.8570,11025.9950,10572.2650,10681.9040,11072.0570,40289425920,481547538432.0000,-3.523763
2020-02-03,sz.399001,9706.5790,9934.3490,9706.5790,9779.6680,10681.9040,19544992256,262459731968.0000,-8.446397
2020-02-04,sz.399001,9578.8660,10095.6900,9578.8660,10089.6660,9779.6680,51156007936,536037347328.0000,3.169821
2020-02-05,sz.399001,10159.5520,10445.0930,10148.2430,10305.4980,10089.6660,45467182592,523099590656.0000,2.139139
2020-02-06,sz.399001,10306.1150,10633.1650,10214.8110,10601.3420,10305.4980,48110943488,554856050688.0000,2.870739
2020-02-07,sz.399001,10569.6520,10629.1490,10441.9030,10611.5510,10601.3420,48961955840,567200989184.0000,0.096299
2020-02-10,sz.399001,10577.5570,10730.0530,10551.5380,10728.4590,10611.5510,47089083648,544274325504.0000,1.101705
2020-02-11,sz.399001,10749.9730,10839.1850,10678.1060,10768.6270,10728.4590,41781519104,483068698624.0000,0.374406
2020-02-12,sz.399001,10735.0470,10944.6290,10724.0840,10940.7950,10768.6270,42014176256,492545458176.0000,1.598792
2020-02-13,sz.399001,10936.5010,10988.2310,10820.9170,10864.3220,10940.7950,45529039872,536585011200.0000,-0.698971
2020-02-14,sz.399001,10854.4550,11017.6450,10822.1330,10916.3110,10864.3220,41709336832,504892465152.0000,0.478530
2020-02-17,sz.399001,10974.9320,11241.4990,10974.9320,11241.4990,10916.3110,48111496448,570188828672.0000,2.978918
2020-02-18,sz.399001,11244.7650,11306.4860,11143.3870,11306.4860,11241.4990,52809083648,624947511296.0000,0.578099
2020-02-19,sz.399001,11300.1610,11387.9920,11229.5510,11235.5950,11306.4860,53776285184,657484296192.0000,-0.626994
2020-02-20,sz.399001,11278.8740,11519.0730,11248.9020,11509.0870,11235.5950,55171062016,654664638464.0000,2.434157
2020-02-21,sz.399001,11506.6730,11727.8880,11493.6320,11629.6980,11509.0870,60039173376,725971468288.0000,1.047963
2020-02-24,sz.399001,11620.6310,11809.7490,11548.4090,11772.3750,11629.6980,62054634752,770457501696.0000,1.226833
2020-02-25,sz.399001,11537.5530,11869.4060,11350.2750,11856.0810,11772.3750,73050583040,902187397120.0000,0.711037
2020-02-26,sz.399001,11677.6280,11770.5080,11453.6860,11497.5530,11856.0810,68651309824,817348521984.0000,-3.024001
2020-02-27,sz.399001,11555.8180,11684.4970,11401.3230,11534.0180,11497.5530,55169482496,654632005632.0000,0.317154
2020-02-28,sz.399001,11150.6590,11338.3490,10962.2420,10980.7740,11534.0180,61089043712,696848228352.0000,-4.796629
2020-03-02,sz.399001,11115.4590,11457.4160,11053.2880,11381.7610,10980.7740,53240554752,632086433792.0000,3.651719
2020-03-03,sz.399001,11597.6630,11734.1770,11378.7630,11484.2110,11381.7610,60166615296,728950349824.0000,0.900124
2020-03-04,sz.399001,11411.5970,11501.7960,11273.2630,11493.0210,11484.2110,51334824704,602117062656.0000,0.076714
2020-03-05,sz.399001,11644.4070,11739.8360,11521.2930,11711.3720,11493.0210,59305420288,689195540480.0000,1.899857
2020-03-06,sz.399001,11555.4580,11690.2000,11541.7810,11582.8150,11711.3720,53885673984,580104347648.0000,-1.097711
2020-03-09,sz.399001,11363.7949,11407.4723,11100.9134,11108.5480,11582.8159,58473479978,648077340380.9210,-4.094582
2020-03-10,sz.399001,11016.9238,11406.3047,10916.9461,11403.4665,11108.5480,58135515476,656502529541.3840,2.654879
2020-03-11,sz.399001,11436.4378,11444.7814,11197.0928,11200.0502,11403.4665,52958021967,594063173445.3080,-1.783811
2020-03-12,sz.399001,11022.4012,11070.4066,10842.3807,10941.0135,11200.0502,46570794670,509406994353.3570,-2.312817
2020-03-13,sz.399001,10382.2213,10956.5086,10380.1711,10831.1250,10939.4658,52900453782,573701912360.6780,-0.990366
2020-03-16,sz.399001,10867.6626,10867.6626,10217.9324,10253.2846,10831.1250,52048261524,587677958038.1830,-5.334999
2020-03-17,sz.399001,10337.9189,10449.3274,9885.8614,10202.7534,10253.2846,44916428758,495073156439.9480,-0.492829
2020-03-18,sz.399001,10294.9555,10479.7831,10029.5687,10029.5687,10202.7534,45258080567,518373879323.7040,-1.697431
2020-03-19,sz.399001,10023.1210,10101.8034,9719.4923,10019.8582,10029.5687,43223774821,491949299374.1940,-0.096819
2020-03-20,sz.399001,10150.7840,10174.5088,9964.2858,10150.1252,10019.8582,38004697447,435458534975.1410,1.300088
2020-03-23,sz.399001,9828.8987,9929.9636,9659.3480,9691.5337,10150.1252,38811461512,418985613298.0880,-4.518087
2020-03-24,sz.399001,9900.2203,9945.9199,9634.9677,9921.6831,9691.5337,39835928443,433528584902.3720,2.374747
2020-03-25,sz.399001,10171.4653,10255.5790,10111.3621,10241.0761,9921.6831,41683938177,458152117849.0720,3.219141
2020-03-26,sz.399001,10161.9422,10281.5724,10112.6202,10155.3593,10241.0761,37299227467,394186890299.4070,-0.836990
2020-03-27,sz.399001,10300.6192,10310.5324,10105.7185,10109.9066,10155.3593,34500987545,380281699833.0270,-0.447574
2020-03-30,sz.399001,9953.0364,9985.3789,9791.0227,9904.9511,10109.9066,35663136928,382440662636.9600,-2.027274
2020-03-31,sz.399001,10008.0257,10047.9784,9925.6798,9962.3047,9904.9511,31534832328,337468972411.7540,0.579040
2020-04-01,sz.399001,9967.1158,10127.0970,9927.9208,9951.8367,9962.3047,33307952567,359216781570.2940,-0.105076
2020-04-02,sz.399001,9910.3773,10179.2045,9896.6464,10179.2045,9951.8367,32820076188,364617023206.5190,2.284682
2020-04-03,sz.399001,10155.5629,10212.9087,10069.6440,10110.1129,10179.2045,32003127097,358276718557.7880,-0.678752
2020-04-07,sz.399001,10312.7148,10441.7414,10296.7194,10428.9132,10110.1129,40185831806,445455425342.4450,3.153281
2020-04-08,sz.399001,10372.7625,10426.4015,10344.4419,10386.5453,10428.9132,39687723477,420856344171.4240,-0.406254
2020-04-09,sz.399001,10453.8559,10485.2968,10401.1705,10463.0463,10386.5453,37741883171,405778525241.5480,0.736539
2020-04-10,sz.399001,10459.6992,10509.0039,10265.8840,10298.4127,10463.0463,39477343661,425685347698.1270,-1.573477
2020-04-13,sz.399001,10225.5297,10295.1687,10173.1226,10223.1633,10298.4127,29803433754,314914999773.0140,-0.730689
2020-04-14,sz.399001,10300.9622,10475.7052,10276.3650,10475.7052,10223.1633,32983875791,365721826479.9840,2.470291
2020-04-15,sz.399001,10468.4629,10528.7349,10404.5092,10417.3744,10475.7052,37919930676,409439234958.2140,-0.556820
2020-04-16,sz.399001,10361.7653,10489.1342,10346.1096,10470.7936,10417.3744,34870380920,372555755332.6900,0.512789
2020-04-17,sz.399001,10562.8976,10624.5417,10507.8024,10527.9907,10470.7936,40149237971,460267368501.4660,0.546254
2020-04-20,sz.399001,10553.5476,10621.4968,10523.5916,10621.4968,10527.9907,34015623714,383529246109.0300,0.888167
2020-04-21,sz.399001,10577.7187,10577.7187,10394.4398,10506.8566,10621.4968,35933329193,400623067994.9690,-1.079322
2020-04-22,sz.399001,10424.4501,10617.1925,10409.8521,10617.1925,10506.8566,34484857059,373179059514.5500,1.050132
2020-04-23,sz.399001,10657.3995,10667.0113,10557.9433,10564.0458,10617.1925,38280972869,407896394021.0080,-0.500572
2020-04-24,sz.399001,10565.0868,10577.0288,10388.6613,10423.4622,10564.0458,37291139586,381097203000.1700,-1.330774
2020-04-27,sz.399001,10449.1265,10531.3918,10367.2922,10452.1708,10423.4622,32036978713,331351587770.7600,0.275423
2020-04-28,sz.399001,10477.7614,10547.7453,10194.1515,10501.1471,10452.1708,38469152976,403372452600.1100,0.468575
2020-04-29,sz.399001,10460.9947,10586.5717,10449.3732,10514.1731,10501.1471,29023198868,310081884005.8800,0.124044
2020-04-30,sz.399001,10575.5242,10751.7477,10575.5242,10721.7796,10514.1731,34810253127,401656708729.9900,1.974539
2020-05-06,sz.399001,10618.1651,10884.3400,10613.8877,10883.2183,10721.7796,35016317908,417220851949.8900,1.505708
2020-05-07,sz.399001,10899.9169,10926.8270,10832.0925,10863.2853,10883.2183,34587889048,398621132823.5500,-0.183154
2020-05-08,sz.399001,10923.6123,11054.3142,10904.8842,11001.5794,10863.2853,35434789069,410902382069.3100,1.273041
2020-05-11,sz.399001,11053.8157,11096.2844,10902.6048,10969.2819,11001.5794,34932753998,412801067084.0100,-0.293571
2020-05-12,sz.399001,10972.0503,11018.9255,10871.6142,11015.5584,10969.2819,30928583190,360877809665.5100,0.421874
2020-05-13,sz.399001,10978.3114,11096.6155,10954.6910,11074.5925,11015.5584,29883684044,357566915907.0200,0.535916
2020-05-14,sz.399001,11026.7120,11047.3764,10955.5382,10962.1473,11074.5925,32504079061,372773922227.0900,-1.015344
2020-05-15,sz.399001,11013.1554,11039.6783,10919.5404,10964.8920,10962.1473,31714461969,380063225005.4800,0.025038
2020-05-18,sz.399001,10969.0815,11017.4992,10858.4554,10921.1453,10964.8920,36207888258,442713632746.4200,-0.398971
2020-05-19,sz.399001,11023.4280,11052.8476,10978.7168,11052.8476,10921.1453,31011385021,385245479768.3000,1.205939
2020-05-20,sz.399001,11056.9770,11056.9770,10914.7543,10948.4771,11052.8476,34539737800,417524221201.2000,-0.944286
2020-05-21,sz.399001,10999.0702,11007.1445,10818.7857,10845.3964,10948.4771,32124994307,375610196357.6000,-0.941507
2020-05-22,sz.399001,10832.9134,10832.9134,10559.2977,10604.9659,10845.3964,29971897348,347490133244.3300,-2.216890
2020-05-25,sz.399001,10602.4707,10629.6106,10532.8617,10592.8444,10604.9659,24158753245,288513613801.4000,-0.114300
2020-05-26,sz.399001,10655.9833,10816.7095,10647.2506,10815.4306,10592.8444,27086420713,322629338262.1900,2.101288
2020-05-27,sz.399001,10823.2430,10823.2430,10657.8055,10682.6976,10815.4306,29342989795,345256176605.4900,-1.227256
2020-05-28,sz.399001,10680.8726,10727.9934,10505.7873,10653.4924,10682.6976,29705786836,339058020776.4300,-0.273388
2020-05-29,sz.399001,10615.1356,10764.8725,10588.7396,10746.0764,10653.4924,29492296256,338498582332.5200,0.869048
2020-06-01,sz.399001,10837.4919,11123.1949,10837.4919,11102.1504,10746.0764,39028221649,454170074797.3400,3.313526
2020-06-02,sz.399001,11133.6160,11146.8489,11059.1850,11112.4965,11102.1504,41951034031,477710161189.7100,0.093190
2020-06-03,sz.399001,11154.6417,11204.5171,11100.6898,11108.3594,11112.4965,41899491587,477363378228.1500,-0.037229
2020-06-04,sz.399001,11146.2929,11165.1389,11080.5061,11139.2565,11108.3594,35881224701,396325346349.8500,0.278143
2020-06-05,sz.399001,11153.2730,11180.5979,11087.2495,11180.5979,11139.2565,34250217834,378387677190.9800,0.371132
2020-06-08,sz.399001,11266.9349,11340.0297,11195.8492,11215.7600,11180.5979,35720978420,409674029152.7500,0.314492
2020-06-09,sz.399001,11238.4418,11303.5381,11195.0030,11284.2423,11215.7600,32998542513,368899489923.2900,0.610590
2020-06-10,sz.399001,11296.1349,11338.2360,11249.4346,11335.8626,11284.2423,31935162854,371135766848.5700,0.457455
2020-06-11,sz.399001,11328.0975,11405.0092,11180.7541,11243.6167,11335.8626,35689466427,431950524104.0100,-0.813753
2020-06-12,sz.399001,11017.1459,11306.1396,11003.3191,11251.7077,11243.6167,35469559970,424919067390.8000,0.071961
2020-06-15,sz.399001,11241.2557,11353.1637,11192.2735,11192.2735,11251.7077,38925304748,466150409084.4500,-0.528224
2020-06-16,sz.399001,11312.8069,11398.9661,11293.9040,11398.9661,11192.2735,35911707464,441480246116.6600,1.846744
2020-06-17,sz.399001,11421.0280,11421.0280,11330.3687,11420.8365,11398.9661,38296051988,460850397739.2900,0.191863
2020-06-18,sz.399001,11416.0779,11503.3827,11397.5729,11494.5542,11420.8365,37918520604,469208840249.7900,0.645467
2020-06-19,sz.399001,11505.6855,11694.8896,11500.5300,11668.1332,11494.5542,36011458253,459780873827.0400,1.510098
2020-06-22,sz.399001,11680.4052,11756.8556,11658.8057,11702.4416,11668.1332,37921121245,482583046867.9300,0.294035
2020-06-23,sz.399001,11711.2774,11796.4107,11651.8262,11794.0093,11702.4416,34943593688,452996357231.1700,0.782467
2020-06-24,sz.399001,11813.3637,11854.9899,11760.4693,11813.5280,11794.0093,32117466027,431766567846.2000,0.165497
2020-06-29,sz.399001,11780.6503,11814.6410,11695.4506,11752.3591,11813.5280,32724086528,422432536523.7900,-0.517787
2020-06-30,sz.399001,11828.5269,12013.6012,11827.7638,11992.3468,11752.3591,32744577368,449354295432.5100,2.042039
2020-07-01,sz.399001,12024.8398,12130.3018,11945.8921,12112.9645,11992.3468,39479772368,537408303851.0600,1.005789
2020-07-02,sz.399001,12095.8495,12278.8293,12055.9523,12269.4885,12112.9645,48295079945,601852588808.8000,1.292202
2020-07-03,sz.399001,12295.6197,12433.6843,12232.7040,12433.2649,12269.4885,51468269514,636094456668.8500,1.334827
2020-07-06,sz.399001,12519.4965,12945.7121,12519.4965,12941.7205,12433.2649,69387857125,841945857714.6200,4.089478
2020-07-07,sz.399001,13084.6499,13407.1927,12997.1671,13163.9796,12941.7205,75751727933,946232727616.6000,1.717384
2020-07-08,sz.399001,13170.2005,13428.9403,13059.2376,13406.3724,13163.9796,67184614394,845815788114.0000,1.841334
2020-07-09,sz.399001,13399.4676,13792.6346,13385.4260,13754.7439,13406.3724,76124434181,974826151011.3900,2.598552
2020-07-10,sz.399001,13662.3836,13831.6114,13599.0329,13671.2441,13754.7439,69912919043,909318666631.2200,-0.607062
2020-07-13,sz.399001,13699.2226,14149.1440,13699.2226,14149.1440,13671.2441,71080396940,955042543138.8000,3.495658
2020-07-14,sz.399001,14121.3303,14150.9966,13698.2688,13996.4641,14149.1440,73834211632,997206841399.4500,-1.079075
2020-07-15,sz.399001,14017.9304,14077.5600,13646.6622,13734.1288,13996.4641,67254248509,896791871431.7700,-1.874297
2020-07-16,sz.399001,13731.2839,13853.4423,12966.3248,12996.3397,13734.1288,62270031911,826680803382.1800,-5.371940
2020-07-17,sz.399001,13002.8359,13315.4360,12916.0802,13114.9384,12996.3397,47704743026,629589051103.8500,0.912555
2020-07-20,sz.399001,13303.8024,13448.8492,13032.3959,13448.8492,13114.9384,49488315030,649024905616.0300,2.546034
2020-07-21,sz.399001,13480.3900,13572.9345,13396.5817,13536.1735,13448.8492,47293922965,614163030094.9000,0.649307
2020-07-22,sz.399001,13507.3531,13816.6712,13459.8830,13657.0295,13536.1735,50091430638,657824342408.3500,0.892837
2020-07-23,sz.399001,13511.4507,13699.5281,13281.5494,13661.4997,13657.0295,52779589083,699157793080.9900,0.032732
2020-07-24,sz.399001,13547.8065,13602.7913,12868.9505,12935.6969,13661.4997,56629975050,750564667826.3400,-5.312761
2020-07-27,sz.399001,13013.7655,13093.8448,12838.8681,12976.8672,12935.6969,39828126536,524963232760.1700,0.318269
2020-07-28,sz.399001,13107.4330,13196.6155,13022.8183,13147.3536,12976.8672,38983720993,508095234992.9300,1.313772
2020-07-29,sz.399001,13117.1882,13557.4411,13085.9510,13557.4411,13147.3536,43779760122,593635518316.5600,3.119164
2020-07-30,sz.399001,13595.7712,13619.4949,13432.1311,13466.8549,13557.4411,47052868806,616787157102.8700,-0.668166
2020-07-31,sz.399001,13464.2070,13748.0338,13399.8592,13637.8826,13466.8549,48620168297,650213230375.0700,1.269990
2020-08-03,sz.399001,13771.7448,13964.5618,13712.9820,13964.5618,13637.8826,56879235377,761532325131.5800,2.395381
2020-08-04,sz.399001,13966.7328,14012.7058,13779.2204,13860.4591,13964.5618,56760579983,767895259883.7700,-0.745478
2020-08-05,sz.399001,13859.3182,13993.6689,13726.6178,13960.9250,13860.4591,50299173706,670273055126.9400,0.724838
2020-08-06,sz.399001,13972.3032,13972.3032,13661.8443,13863.1298,13960.9250,53428282477,721023901254.5600,-0.700492
2020-08-07,sz.399001,13813.7621,13847.1990,13411.6653,13648.4996,13863.1298,51074060065,700765738527.6900,-1.548209
2020-08-10,sz.399001,13576.3194,13752.2925,13453.9457,13657.3134,13648.4996,45259180522,630535955027.0900,0.064577
2020-08-11,sz.399001,13668.3056,13811.5189,13450.2297,13466.2675,13657.3134,46741569781,620588226420.0000,-1.398854
2020-08-12,sz.399001,13437.5661,13471.8204,13026.0109,13308.5217,13466.2675,45037701762,602930245068.1600,-1.171414
2020-08-13,sz.399001,13373.1634,13392.3470,13254.3928,13291.3199,13308.5217,40388645443,494330064817.7500,-0.129254
2020-08-14,sz.399001,13272.7074,13495.9737,13242.7791,13489.0095,13291.3199,38863053474,482289515330.4000,1.487359
2020-08-17,sz.399001,13542.0141,13756.6131,13490.6393,13742.2257,13489.0095,48909370237,616467249911.8900,1.877204
2020-08-18,sz.399001,13748.5154,13813.0217,13692.0738,13768.1672,13742.2257,47496163062,596898404210.6400,0.188772
2020-08-19,sz.399001,13741.2736,13741.2736,13472.9644,13480.8527,13768.1672,47995953969,590147208491.0900,-2.086803
2020-08-20,sz.399001,13387.8182,13476.0692,13270.1156,13320.9233,13480.8527,38938383360,470003203120.0900,-1.186345
2020-08-21,sz.399001,13445.9626,13547.7930,13373.7157,13477.9999,13320.9233,38432863844,482962971388.2200,1.179172
2020-08-24,sz.399001,13565.2840,13708.1219,13418.9613,13666.6926,13477.9999,41145802560,551396188567.9000,1.400005
2020-08-25,sz.399001,13692.4661,13788.4927,13620.6192,13669.4066,13666.6926,45693579230,586063103587.2700,0.019858
2020-08-26,sz.399001,13680.5853,13717.8980,13376.6610,13428.3991,13669.4066,46552848377,596614407088.9900,-1.763116
2020-08-27,sz.399001,13465.8931,13548.6599,13348.4472,13535.0904,13428.3991,41499513193,520691038561.3800,0.794520
2020-08-28,sz.399001,13509.3720,13868.2987,13483.2835,13851.3239,13535.0904,44122499526,568479063990.2800,2.336397
2020-08-31,sz.399001,13929.7475,13994.1433,13755.3632,13758.2278,13851.3239,45192552406,597534971537.2900,-0.672110
2020-09-01,sz.399001,13729.3878,13849.6578,13662.6851,13849.6578,13758.2278,39923789924,524538672487.1100,0.664548
2020-09-02,sz.399001,13881.0730,13944.1580,13737.8338,13887.4251,13849.6578,51729370287,623392812789.1800,0.272695
2020-09-03,sz.399001,13871.2682,13933.4238,13722.5761,13772.3737,13887.4251,48294048844,591494024504.9100,-0.828457
2020-09-04,sz.399001,13501.9111,13680.0589,13487.6919,13656.6574,13772.3737,43711596516,530504801476.5800,-0.840206
2020-09-07,sz.399001,13633.5055,13714.3174,13232.2425,13284.0335,13656.6574,54163942902,663791588007.4500,-2.728515
2020-09-08,sz.399001,13315.1484,13351.5667,13118.9426,13293.3300,13284.0335,53406929889,604152978954.3500,0.069983
2020-09-09,sz.399001,13107.9767,13122.7624,12778.4299,12861.7500,13293.3300,63718923129,695257373144.1400,-3.246591
2020-09-10,sz.399001,13001.3832,13068.2252,12709.7516,12742.8454,12861.7500,52989805301,563505245098.0200,-0.924482
2020-09-11,sz.399001,12711.0884,12952.4655,12702.6217,12942.9488,12742.8454,38395252307,429698229423.8100,1.570320
2020-09-14,sz.399001,13024.5553,13107.2807,12921.7584,13021.9901,12942.9488,41914355134,500237497534.7500,0.610690
2020-09-15,sz.399001,13032.2847,13148.1684,12976.0285,13143.4570,13021.9901,39123347913,473751759490.4200,0.932783
2020-09-16,sz.399001,13123.4964,13137.7196,12947.0492,13011.2814,13143.4570,35324537128,441995000980.2200,-1.005638
2020-09-17,sz.399001,12970.3420,13113.7724,12870.9921,13015.1892,13011.2814,35395341326,474313751889.0000,0.030034
2020-09-18,sz.399001,13026.1053,13253.6780,12987.5879,13245.0900,13015.1892,39237245188,498662473853.7900,1.766404
2020-09-21,sz.399001,13280.0081,13289.6040,13135.2411,13149.5014,13245.0900,36664404650,467386110298.5400,-0.721691
2020-09-22,sz.399001,13052.0849,13212.2393,12981.9670,13023.4311,13149.5014,35053831009,433184435438.9600,-0.958746
2020-09-23,sz.399001,13044.8118,13148.9351,12991.6609,13110.0723,13023.4311,31823574001,420011122360.8800,0.665272
2020-09-24,sz.399001,13018.3023,13044.3819,12816.6063,12816.6063,13110.0723,34406662290,421049315211.4300,-2.238477
2020-09-25,sz.399001,12876.0754,12919.6138,12764.2648,12814.1736,12816.6063,27281982365,348702938179.3300,-0.018981
2020-09-28,sz.399001,12860.0911,12890.8989,12752.3904,12760.9325,12814.1736,25146757869,330571549214.1400,-0.415486
2020-09-29,sz.399001,12843.2273,12966.8509,12798.6508,12900.6952,12760.9325,25319344085,337712472885.6800,1.095239
2020-09-30,sz.399001,12948.9707,13040.0408,12834.7687,12907.4481,12900.6952,25219958095,334240715354.4000,0.052345
2020-10-09,sz.399001,13161.3551,13323.8093,13145.7545,13289.2621,12907.4481,31808432606,447106821134.4200,2.958091
2020-10-12,sz.399001,13386.3445,13708.0666,13382.6982,13708.0666,13289.2621,43426916790,615700251062.3700,3.151450
2020-10-13,sz.399001,13678.6222,13820.5627,13622.9511,13798.5789,13708.0666,38136928418,546439745273.1700,0.660285
2020-10-14,sz.399001,13781.5598,13781.7754,13664.7332,13691.0429,13798.5789,38344693819,546486209380.3700,-0.779327
2020-10-15,sz.399001,13702.8323,13737.0754,13617.0817,13624.8908,13691.0429,35572512599,500160789623.2100,-0.483178
2020-10-16,sz.399001,13611.9135,13665.5773,13439.8832,13532.7292,13624.8908,32428415619,455152499609.6100,-0.676421
2020-10-19,sz.399001,13638.7803,13660.5388,13393.0225,13421.1948,13532.7292,32953932095,455215631009.3300,-0.824183
2020-10-20,sz.399001,13417.2213,13603.8810,13371.5541,13603.8810,13421.1948,31664258129,439571085476.2100,1.361177
2020-10-21,sz.399001,13613.8685,13613.8685,13396.5413,13467.9132,13603.8810,31784128351,459421420582.7200,-0.999478
2020-10-22,sz.399001,13419.3912,13435.4069,13252.0627,13396.1815,13467.9132,30165867996,427266546406.1100,-0.532612
2020-10-23,sz.399001,13405.5349,13487.1072,13110.0177,13128.4553,13396.1815,30248190644,437816160845.3800,-1.998526
2020-10-26,sz.399001,13056.3010,13242.6325,12922.5877,13191.2470,13128.4553,27610939613,398149304361.7800,0.478287
2020-10-27,sz.399001,13159.3682,13291.8035,13146.5511,13269.6543,13191.2470,28797432788,413771508672.3900,0.594389
2020-10-28,sz.399001,13273.4991,13438.4685,13188.6553,13388.1038,13269.6543,32393468123,476947352377.2000,0.892634
2020-10-29,sz.399001,13219.8925,13582.3070,13200.7786,13519.6613,13388.1038,33396187162,501666720028.3600,0.982645
2020-10-30,sz.399001,13544.2856,13550.3582,13204.2453,13236.6010,13519.6613,37563158518,541927833404.8500,-2.093694
2020-11-02,sz.399001,13269.9698,13462.4226,13258.1628,13420.9609,13236.6010,33927503376,487110104524.2100,1.392804
2020-11-03,sz.399001,13476.5834,13592.9195,13414.0029,13580.0350,13420.9609,34056524371,481009295157.5800,1.185266
2020-11-04,sz.399001,13586.3292,13691.6923,13544.8299,13659.4993,13580.0350,31312451106,459038067570.2000,0.585155
2020-11-05,sz.399001,13802.1789,13894.2566,13728.6406,13894.2566,13659.4993,36579832399,543464101585.7600,1.718638
2020-11-06,sz.399001,13932.4138,13932.4138,13708.7490,13838.4217,13894.2566,36615163878,552972517358.1000,-0.401856
2020-11-09,sz.399001,13934.3703,14197.8467,13934.3703,14141.1529,13838.4217,43721814198,653608478471.8700,2.187614
2020-11-10,sz.399001,14121.6855,14121.6855,13908.2079,13993.3352,14141.1529,39435980274,591195899277.9000,-1.045302
2020-11-11,sz.399001,13925.4352,13981.9867,13715.4373,13720.1740,13993.3352,35060656176,513813238957.2000,-1.952081
2020-11-12,sz.399001,13789.2954,13846.8683,13724.3358,13792.0742,13720.1740,30252256244,421166043225.8700,0.524047
2020-11-13,sz.399001,13755.2852,13802.7123,13620.8899,13754.5536,13792.0742,29635933283,425634573421.6200,-0.272045
2020-11-16,sz.399001,13811.8499,13850.8288,13669.2547,13850.8288,13754.5536,33617086394,467276094182.7300,0.699951
2020-11-17,sz.399001,13843.0116,13843.0116,13628.8210,13732.5199,13850.8288,36114507131,499915338642.5700,-0.854165
2020-11-18,sz.399001,13710.0233,13773.5817,13602.6927,13658.2034,13732.5199,34749263489,463012987298.1500,-0.541172
2020-11-19,sz.399001,13633.9713,13812.7811,13578.3253,13777.4452,13658.2034,34692556329,454766978236.6200,0.873042
2020-11-20,sz.399001,13789.9845,13865.7193,13773.2136,13852.4182,13777.4452,32938386364,438277523421.6600,0.544172
2020-11-23,sz.399001,13871.7112,14021.5046,13795.9196,13955.2848,13852.4182,40104197900,522455359919.4200,0.742589
2020-11-24,sz.399001,13958.0126,13962.3404,13848.9087,13902.5372,13955.2848,35527402650,470795355829.3300,-0.377976
2020-11-25,sz.399001,13923.6590,13933.7860,13656.0949,13656.0949,13902.5372,36860357914,479922611618.0900,-1.772643
2020-11-26,sz.399001,13651.4321,13692.7342,13452.6760,13599.9939,13656.0949,31772149174,415975881297.5500,-0.410813
2020-11-27,sz.399001,13627.8557,13690.8834,13542.6765,13690.8834,13599.9939,31000552919,399658671634.2500,0.668305
2020-11-30,sz.399001,13720.6808,13815.4887,13634.1568,13670.1106,13690.8834,37165448293,496207435156.9700,-0.151727
2020-12-01,sz.399001,13650.3888,13940.8990,13646.6879,13930.3746,13670.1106,37014513864,479714599945.7300,1.903891
2020-12-02,sz.399001,13950.7382,13991.4499,13858.4451,13961.5754,13930.3746,38803244919,497650122913.1100,0.223977
2020-12-03,sz.399001,13955.9785,14009.5111,13889.6194,13970.6840,13961.5754,37436378765,473941113981.4600,0.065240
2020-12-04,sz.399001,13933.8767,14049.2121,13903.8362,14026.6567,13970.6840,31886919287,419358435756.3400,0.400644
2020-12-07,sz.399001,14021.1614,14054.8751,13958.7399,13973.4819,14026.6567,31795780793,432150542737.6100,-0.379098
2020-12-08,sz.399001,14000.8657,14040.5013,13942.6630,13973.8919,13973.4819,29283603456,397072041871.5100,0.002934
2020-12-09,sz.399001,13998.6174,14017.3504,13710.8602,13716.5307,13973.8919,33648470929,452221666549.1400,-1.841729
2020-12-10,sz.399001,13672.0533,13814.8039,13621.1270,13731.3422,13716.5307,29083567922,387622157852.0400,0.107983
2020-12-11,sz.399001,13767.4781,13771.9648,13431.5545,13555.1445,13731.3422,34619340533,455089357170.5900,-1.283179
2020-12-14,sz.399001,13583.1949,13695.3226,13511.7790,13692.1325,13555.1445,29100130765,393547602621.4800,1.010598
2020-12-15,sz.399001,13682.2755,13783.0426,13641.7224,13763.3126,13692.1325,28475667106,394301187648.5700,0.519861
2020-12-16,sz.399001,13791.4148,13807.1751,13709.8040,13751.0908,13763.3126,29782815598,392160099961.1000,-0.088800
2020-12-17,sz.399001,13746.2809,13901.8302,13688.8326,13889.8663,13751.0908,33010124461,427010618503.9100,1.009196
2020-12-18,sz.399001,13911.8335,13939.9296,13806.6189,13854.1197,13889.8663,31286729859,417246480540.1000,-0.257357
2020-12-21,sz.399001,13858.6588,14134.8495,13819.7036,14134.8495,13854.1197,34392615276,480532160300.6400,2.026327
2020-12-22,sz.399001,14085.2860,14172.7675,13872.4986,13882.3026,14134.8495,38539343149,525440139571.6400,-1.786697
2020-12-23,sz.399001,13912.5186,14078.1314,13897.1108,14015.0229,13882.3026,36846949303,515807443681.4100,0.956040
2020-12-24,sz.399001,13998.3587,14048.6186,13867.6599,13915.5738,14015.0229,35696184259,462766411213.8100,-0.709589
2020-12-25,sz.399001,13879.2359,14017.0570,13835.5154,14017.0570,13915.5738,33825412481,434698020486.9500,0.729278
2020-12-28,sz.399001,14020.9523,14112.5856,13959.1429,14044.1005,14017.0570,37325254653,482909439036.9700,0.192933
2020-12-29,sz.399001,14042.7946,14082.4967,13915.8854,13970.2105,14044.1005,37160031942,477632727523.5600,-0.526128
2020-12-30,sz.399001,13970.4455,14208.6815,13968.0894,14201.5654,13970.2105,35191999131,469468396552.2000,1.656059
2020-12-31,sz.399001,14226.2842,14476.5477,14226.2842,14470.6832,14201.5654,37221726383,511265652033.1600,1.894987
2021-01-04,sz.399001,14516.1215,14859.0865,14486.2519,14827.4686,14470.6832,43549775923,641014135681.9900,2.465574
2021-01-05,sz.399001,14760.2525,15149.0965,14716.7892,15147.5693,14827.4686,45893476339,698425783002.2600,2.158836
2021-01-06,sz.399001,15221.4394,15295.0738,14987.3654,15187.6139,15147.5693,43324071836,645417439109.2800,0.264363
2021-01-07,sz.399001,15178.3476,15356.4035,15101.6671,15356.4035,15187.6139,46928407202,670794521589.7200,1.111364
2021-01-08,sz.399001,15402.7426,15453.1783,15162.7059,15319.2912,15356.4035,42006272822,630105126980.5400,-0.241673
2021-01-11,sz.399001,15353.0790,15420.6761,15011.5853,15115.3802,15319.2912,43945664406,684894785595.7800,-1.331073
2021-01-12,sz.399001,15053.8722,15460.0321,15020.2604,15460.0321,15115.3802,38686160155,604472560455.4300,2.280140
2021-01-13,sz.399001,15491.0659,15597.9698,15240.8992,15365.4279,15460.0321,43269729763,679695848826.3600,-0.611928
2021-01-14,sz.399001,15283.5569,15354.1221,15033.4725,15070.1285,15365.4279,39617247690,610092625290.5700,-1.921843
2021-01-15,sz.399001,15030.5372,15120.2722,14772.0632,15031.7035,15070.1285,36449833013,556135886555.5900,-0.254975
2021-01-18,sz.399001,14980.5049,15309.7901,14898.8796,15269.2724,15031.7035,36406940425,546464419968.7500,1.580452
2021-01-19,sz.399001,15278.5348,15314.0526,14954.3463,15003.9850,15269.2724,39512572920,573740834615.4100,-1.737394
2021-01-20,sz.399001,15023.7377,15246.7773,14958.2191,15223.3575,15003.9850,34028754497,518504526235.2100,1.462095
2021-01-21,sz.399001,15251.6686,15608.3841,15251.6686,15520.5980,15223.3575,41062780215,615802143138.6000,1.952529
2021-01-22,sz.399001,15508.9378,15632.3340,15381.6033,15628.7304,15520.5980,39616143973,628223686131.9000,0.696703
2021-01-25,sz.399001,15594.8102,15895.8839,15534.2497,15710.1930,15628.7304,40351691141,681044829587.5100,0.521236
2021-01-26,sz.399001,15637.3883,15637.3883,15328.4111,15352.4196,15710.1930,35029602005,577725665132.9200,-2.277333
2021-01-27,sz.399001,15328.8694,15446.8202,15107.0425,15413.8432,15352.4196,33837216736,526877852706.7600,0.400091
2021-01-28,sz.399001,15169.1035,15228.4961,14881.8037,14913.2053,15413.8432,35413517809,524006040755.3400,-3.247976
2021-01-29,sz.399001,15039.8923,15096.2520,14609.6419,14821.9946,14913.2053,36867023869,535659380486.1000,-0.611610
2021-02-01,sz.399001,14841.7134,15036.3846,14797.4130,15024.2443,14821.9946,33706664513,485262020032.9100,1.364524
2021-02-02,sz.399001,15057.4382,15341.4805,14981.3278,15335.6618,15024.2443,32995125306,516870366223.7900,2.072766
2021-02-03,sz.399001,15360.4207,15435.5310,15218.5729,15233.1493,15335.6618,34816674829,539994306810.3100,-0.668458
2021-02-04,sz.399001,15135.8501,15285.8770,14908.7556,15105.9390,15233.1493,35354602533,523754859589.7400,-0.835089
2021-02-05,sz.399001,15167.6392,15250.0951,14996.2878,15007.2950,15105.9390,31986707193,493715843656.7800,-0.653015
2021-02-08,sz.399001,15066.4555,15299.6533,14945.8436,15269.6266,15007.2950,28319424705,447009121272.9800,1.748027
2021-02-09,sz.399001,15330.3018,15635.3774,15275.3857,15630.5657,15269.6266,29417149291,465785937895.7600,2.363772
2021-02-10,sz.399001,15702.1990,16010.4048,15632.1353,15962.2497,15630.5657,28269118947,482674164202.7900,2.122022
2021-02-18,sz.399001,16275.9832,16293.0875,15697.7203,15767.4355,15962.2497,36845136917,601642414207.8400,-1.220468
2021-02-19,sz.399001,15660.4949,15840.1616,15443.2418,15823.1052,15767.4355,38997684711,557583155810.2500,0.353068
2021-02-22,sz.399001,15818.7660,15818.7660,15336.9510,15336.9510,15823.1052,49945871506,694092516388.5000,-3.072432
2021-02-23,sz.399001,15174.7177,15411.0278,15146.8870,15243.2519,15336.9510,40102575727,541901401012.3800,-0.610937
2021-02-24,sz.399001,15281.3964,15318.8463,14709.1273,14870.6646,15243.2519,39050601698,579471470767.9300,-2.444277
2021-02-25,sz.399001,15016.6284,15036.4197,14794.7293,14828.8003,14870.6646,35968005832,489437386951.0200,-0.281523
2021-02-26,sz.399001,14480.7416,14713.1169,14396.4462,14507.4453,14828.8003,34499218457,482350458853.9900,-2.167100
2021-03-01,sz.399001,14670.1122,14864.5816,14614.0136,14857.3439,14507.4453,34504781206,470711040195.6800,2.411855
2021-03-02,sz.399001,14958.2206,14987.0700,14616.1569,14751.1172,14857.3439,35685697649,489841817209.8500,-0.714978
2021-03-03,sz.399001,14679.8351,14932.3850,14612.8467,14932.3850,14751.1172,35507292384,447694766492.0200,1.228841
2021-03-04,sz.399001,14780.9048,14780.9048,14357.1911,14416.0600,14932.3850,39417820483,509805743762.1000,-3.457753
2021-03-05,sz.399001,14156.0125,14531.9858,14122.5941,14412.3120,14416.0600,38047606603,467595173186.4100,-0.025999
2021-03-08,sz.399001,14513.7854,14597.7487,13859.9500,13863.8136,14412.3120,40329321613,525427707580.1300,-3.805763
2021-03-09,sz.399001,13803.2475,13844.2262,13289.3783,13475.7177,13863.8136,42361410921,530551149233.1700,-2.799344
2021-03-10,sz.399001,13721.2357,13750.2629,13480.4219,13563.3391,13475.7177,32526874558,410172691044.5000,0.650217
2021-03-11,sz.399001,13598.2002,13904.4660,13535.2447,13866.3658,13563.3391,34587621307,434170293322.1600,2.234160
2021-03-12,sz.399001,13934.2341,13934.2341,13716.0138,13897.0258,13866.3658,36613736659,435021291935.5500,0.221111
2021-03-15,sz.399001,13793.5223,13793.5223,13389.9791,13520.0660,13897.0258,35106034524,425359357346.6800,-2.712521
2021-03-16,sz.399001,13574.5603,13652.5475,13439.7302,13642.9546,13520.0660,35558225051,403116685355.2200,0.908935
2021-03-17,sz.399001,13605.7759,13842.8754,13490.4239,13809.7674,13642.9546,34699041445,404206655365.8400,1.222703
2021-03-18,sz.399001,13850.6005,14003.7672,13832.6980,13963.9237,13809.7674,34547019220,420217650007.9900,1.116285
2021-03-19,sz.399001,13738.2077,13837.2285,13522.9370,13606.0016,13963.9237,35198066961,432120896517.0200,-2.563191
2021-03-22,sz.399001,13605.7035,13797.2995,13565.1677,13760.9655,13606.0016,36320737250,427360633526.4200,1.138938
2021-03-23,sz.399001,13754.8754,13794.4653,13506.1668,13607.2674,13760.9655,37817031554,445108965624.4200,-1.116914
2021-03-24,sz.399001,13529.9349,13651.8983,13378.8836,13407.3469,13607.2674,35716727057,417555746183.1200,-1.469219
2021-03-25,sz.399001,13318.9705,13489.2895,13252.2435,13421.1622,13407.3469,33704974852,385737421249.1700,0.103043
2021-03-26,sz.399001,13493.3577,13810.9651,13493.3577,13769.6826,13421.1622,33976911127,425554063618.8600,2.596797
2021-03-29,sz.399001,13802.5090,13895.6065,13684.4315,13771.2589,13769.6826,34703811472,429900787150.8000,0.011448
2021-03-30,sz.399001,13751.2075,13933.3192,13717.5858,13888.4383,13771.2589,34488971562,417726776643.6800,0.850898
2021-03-31,sz.399001,13870.7088,13870.7088,13678.6677,13778.6698,13888.4383,30812250198,373263166626.4900,-0.790359
2021-04-01,sz.399001,13812.6357,13992.7480,13808.3171,13979.6942,13778.6698,30368998935,365033055797.5400,1.458954
2021-04-02,sz.399001,14042.1317,14178.0989,14008.8518,14122.6128,13979.6942,31631698178,398764704529.6800,1.022330
2021-04-06,sz.399001,14176.2063,14194.3563,14045.9208,14083.3402,14122.6128,30675741052,373875296121.5700,-0.278083
2021-04-07,sz.399001,14100.8470,14100.8470,13856.9730,13979.3091,14083.3402,35367775504,416369113545.8300,-0.738682
2021-04-08,sz.399001,13906.8166,14037.4525,13845.1228,13989.9396,13979.3091,37192890799,419266361110.5200,0.076045
2021-04-09,sz.399001,13965.2092,13977.2795,13769.1943,13813.3099,13989.9396,33072618920,388245268145.6400,-1.262548
2021-04-12,sz.399001,13811.5865,13867.1566,13454.2657,13495.7174,13813.3099,35867060390,436821379633.3200,-2.299177
2021-04-13,sz.399001,13490.3921,13671.3593,13484.0023,13528.3132,13495.7174,33162488319,380941330793.4700,0.241527
2021-04-14,sz.399001,13550.8692,13756.7417,13550.8692,13738.0013,13528.3132,32949469082,385012038684.4600,1.549994
2021-04-15,sz.399001,13705.1345,13705.1345,13539.0737,13680.2690,13738.0013,33465303187,388071329410.5800,-0.420238
2021-04-16,sz.399001,13718.2333,13755.4461,13575.6215,13720.7433,13680.2690,35064491234,396213693036.4200,0.295859
2021-04-19,sz.399001,13714.3859,14121.2115,13667.7494,14117.7980,13720.7433,38647667126,493068326963.0600,2.893828
2021-04-20,sz.399001,14062.5044,14215.2787,14035.2264,14101.9028,14117.7980,37819740322,486649853245.9100,-0.112590
2021-04-21,sz.399001,14010.5945,14176.9502,13978.5660,14151.1453,14101.9028,33513615633,419614944270.6900,0.349190
2021-04-22,sz.399001,14219.2394,14244.4941,14091.1086,14209.4412,14151.1453,32413208564,423848279143.3000,0.411952
2021-04-23,sz.399001,14213.3585,14386.6172,14208.4015,14351.8559,14209.4412,34010540221,455601582403.7200,1.002254
2021-04-26,sz.399001,14419.8513,14529.4276,14212.2229,14224.4479,14351.8559,37489267163,520278499783.5300,-0.887746
2021-04-27,sz.399001,14211.5847,14266.5988,14106.8298,14264.0842,14224.4479,33265774982,437570594757.3700,0.278649
2021-04-28,sz.399001,14238.5639,14398.9611,14190.6375,14398.3808,14264.0842,31652402534,438490007819.5600,0.941502
2021-04-29,sz.399001,14416.8499,14516.2206,14330.0894,14464.0818,14398.3808,32137959901,450595467359.5000,0.456308
2021-04-30,sz.399001,14437.1692,14522.4562,14343.0611,14438.5675,14464.0818,33488423455,465326555468.4400,-0.176398
2021-05-06,sz.399001,14355.4049,14398.5799,14088.0408,14210.5960,14438.5675,34095493356,474974577840.0500,-1.578907
2021-05-07,sz.399001,14243.7144,14280.0424,13933.8083,13933.8083,14210.5960,37463394996,472803991473.2400,-1.947756
2021-05-10,sz.399001,13945.7777,14035.5991,13828.8197,13917.9664,13933.8083,37114852743,455282767993.6300,-0.113694
2021-05-11,sz.399001,13814.2751,13996.7001,13696.7275,13966.7856,13917.9664,38484465042,452944800955.3300,0.350764
2021-05-12,sz.399001,13922.1452,14078.3287,13872.1022,14064.8657,13966.7856,35088724353,421629933900.6800,0.702238
2021-05-13,sz.399001,13907.1840,14027.5524,13866.1114,13917.6501,14064.8657,37518928561,445291260167.0700,-1.046690
2021-05-14,sz.399001,13960.3341,14214.1350,13872.6306,14208.7832,13917.6501,39352237461,490585634325.7500,2.091827
2021-05-17,sz.399001,14234.7046,14538.7614,14234.7046,14456.5416,14208.7832,36843831549,505568803533.6500,1.743699
2021-05-18,sz.399001,14462.4067,14497.8993,14345.9881,14450.6035,14456.5416,31811062537,416061949704.1300,-0.041076
2021-05-19,sz.399001,14399.7634,14544.1992,14359.0189,14484.4546,14450.6035,33337309335,441515291333.5300,0.234254
2021-05-20,sz.399001,14455.6072,14582.4022,14431.7955,14535.0980,14484.4546,36352156138,474157465601.4900,0.349640
2021-05-21,sz.399001,14582.0656,14634.5952,14386.1233,14417.4572,14535.0980,33392499817,452011447776.6400,-0.809357
2021-05-24,sz.399001,14436.3570,14506.6072,14295.4764,14506.6072,14417.4572,34703586757,475065888487.0100,0.618348
2021-05-25,sz.399001,14533.9480,14862.1921,14509.7757,14846.4534,14506.6072,38090283500,534263800580.0200,2.342699
2021-05-26,sz.399001,14850.2811,14860.6414,14762.2003,14793.6806,14846.4534,39109510160,511008829147.3800,-0.355457
2021-05-27,sz.399001,14796.0511,14955.2996,14720.6691,14897.1875,14793.6806,38370502171,510685721301.9700,0.699670
2021-05-28,sz.399001,14899.3319,14977.2458,14778.8218,14852.8784,14897.1875,40882244278,563783674484.5200,-0.297433
2021-05-31,sz.399001,14874.8893,14996.3774,14836.1471,14996.3774,14852.8784,38628013643,559737064724.1800,0.966136
2021-06-01,sz.399001,14963.9545,15039.0233,14820.7371,15034.7791,14996.3774,40829957513,575197376825.9200,0.256073
2021-06-02,sz.399001,15044.9412,15051.2075,14793.7393,14857.9078,15034.7791,41242338729,558298574912.1500,-1.176414
2021-06-03,sz.399001,14850.5066,14947.5996,14759.8235,14761.1322,14857.9078,38146103866,512268213796.4100,-0.651341
2021-06-04,sz.399001,14704.1896,14989.2119,14667.5320,14870.9141,14761.1322,36538586330,502175172108.9100,0.743723
2021-06-07,sz.399001,14879.4925,14883.5478,14760.2033,14862.5992,14870.9141,36852949938,516971648697.8400,-0.055914
2021-06-08,sz.399001,14867.9457,14973.8107,14625.2851,14716.9821,14862.5992,38476998788,542239927577.9100,-0.979755
2021-06-09,sz.399001,14698.3531,14762.6433,14641.8336,14718.4026,14716.9821,37427607005,477796322718.1200,0.009652
2021-06-10,sz.399001,14715.1369,14940.3038,14699.3079,14893.5925,14718.4026,41702040072,560146366040.2400,1.190278
2021-06-11,sz.399001,14918.4934,14920.8653,14738.6190,14801.2406,14893.5925,45263788587,625764477714.3300,-0.620078
2021-06-15,sz.399001,14806.6891,14829.9722,14564.5600,14673.3392,14801.2406,40795273839,555804533037.0800,-0.864126
2021-06-16,sz.399001,14663.4813,14667.2413,14290.2280,14295.9273,14673.3392,37800804904,521603779190.9300,-2.572093
2021-06-17,sz.399001,14291.9385,14489.5114,14291.9385,14472.3702,14295.9273,36465907902,503210629740.3100,1.234218
2021-06-18,sz.399001,14510.5604,14635.4978,14449.0591,14583.6676,14472.3702,40194866813,563862094520.9800,0.769034
2021-06-21,sz.399001,14563.0503,14721.6895,14468.7400,14641.2927,14583.6676,40925237988,587717241110.9400,0.395134
2021-06-22,sz.399001,14678.3682,14706.5046,14564.4952,14696.2864,14641.2927,42517894497,574304114798.3500,0.375607
2021-06-23,sz.399001,14713.8377,14882.1378,14641.4706,14843.8313,14696.2864,41469529608,602993013997.1000,1.003960
2021-06-24,sz.399001,14876.7298,14877.6383,14718.8880,14784.8002,14843.8313,40021565085,551713445077.1300,-0.397681
2021-06-25,sz.399001,14799.5276,15036.7684,14797.3364,15003.8493,14784.8002,40044149185,570705958321.9500,1.481583
2021-06-28,sz.399001,15049.7748,15166.5553,15031.2056,15150.1680,15003.8493,38337575026,561452365026.1100,0.975208
2021-06-29,sz.399001,15187.8050,15187.8050,14991.1784,14999.7975,15150.1680,37907947593,556542021453.5700,-0.992534
2021-06-30,sz.399001,15015.2913,15175.7517,14978.3008,15161.7017,14999.7975,35769709082,527821609771.7000,1.079376
2021-07-01,sz.399001,15203.0681,15206.1493,15001.8908,15038.8760,15161.7017,39001690741,569295491196.8500,-0.810105
2021-07-02,sz.399001,14937.7335,14937.7335,14652.7360,14670.7113,15038.8760,35769855118,550596353847.9800,-2.448087
2021-07-05,sz.399001,14666.6819,14782.5651,14597.8665,14718.6626,14670.7113,36832036868,560616393460.5700,0.326851
2021-07-06,sz.399001,14745.4539,14779.2952,14480.8673,14667.6452,14718.6626,40099399848,627392185476.5000,-0.346617
2021-07-07,sz.399001,14592.7502,14966.2299,14545.2884,14940.0467,14667.6452,38580077872,592897719878.9600,1.857159
2021-07-08,sz.399001,14984.2513,15033.3431,14856.9304,14882.9045,14940.0467,44064434588,670279775837.2700,-0.382477
2021-07-09,sz.399001,14805.8061,14887.5984,14583.5481,14844.3561,14882.9045,42355705714,634617475443.1900,-0.259011
2021-07-12,sz.399001,14970.1262,15222.1733,14870.8277,15161.5223,14844.3561,48610223807,753220017784.5500,2.136611
2021-07-13,sz.399001,15151.0863,15232.1458,15077.3417,15189.2947,15161.5223,47640976022,708348767096.6800,0.183177
2021-07-14,sz.399001,15141.0433,15215.6330,15021.9908,15056.3182,15189.2947,48374174252,707389194582.3200,-0.875462
2021-07-15,sz.399001,15014.9126,15170.6444,14899.3113,15169.3340,15056.3182,46181099706,664306085872.5800,0.750620
2021-07-16,sz.399001,15144.0842,15165.7476,14962.9689,14972.2135,15169.3340,44426530456,663044640705.2600,-1.299467
2021-07-19,sz.399001,14958.6159,15033.5973,14856.6437,14992.9043,14972.2135,42888190358,634851081715.3000,0.138195
2021-07-20,sz.399001,14879.2730,15031.8796,14859.7143,15011.3542,14992.9043,38239819904,544089567228.5100,0.123058
2021-07-21,sz.399001,15070.1688,15264.1032,15061.0861,15212.5982,15011.3542,45314181177,692020625852.5800,1.340612
2021-07-22,sz.399001,15258.7289,15290.0553,15172.1039,15262.1885,15212.5982,49219483172,734068491455.4000,0.325982
2021-07-23,sz.399001,15248.2512,15248.2512,14989.5007,15028.5678,15262.1885,52892901371,774539298793.0600,-1.530716
2021-07-26,sz.399001,14982.9021,14982.9021,14376.3267,14630.8498,15028.5678,51211719484,779892628601.0900,-2.646413
2021-07-27,sz.399001,14640.2611,14741.8699,14093.6351,14093.6351,14630.8498,52896639613,831444879283.0800,-3.671794
2021-07-28,sz.399001,13967.4438,14207.3896,13727.4754,14086.4236,14093.6351,47917418772,705288293674.4400,-0.051168
2021-07-29,sz.399001,14390.2900,14544.1071,14277.9650,14515.3231,14086.4236,43922151761,709742231492.5600,3.044772
2021-07-30,sz.399001,14482.7755,14522.1208,14294.4778,14473.2098,14515.3231,47765306494,770901186381.1200,-0.290130
2021-08-02,sz.399001,14463.2132,14806.8605,14395.3280,14798.1583,14473.2098,50756773583,854946992311.8700,2.245172
2021-08-03,sz.399001,14745.9053,14844.5202,14656.1970,14736.9181,14798.1583,50814584515,812730260200.3800,-0.413837
2021-08-04,sz.399001,14715.7499,14990.1090,14683.3532,14990.1090,14736.9181,44670858339,742216465196.3100,1.718072
2021-08-05,sz.399001,14901.9612,14990.6521,14800.4168,14872.2257,14990.1090,47145162216,750470867132.5400,-0.786407
2021-08-06,sz.399001,14902.6909,14915.7267,14722.1284,14827.4104,14872.2257,44279303445,708543471491.5200,-0.301336
2021-08-09,sz.399001,14738.3674,14980.1471,14682.9403,14941.4419,14827.4104,44765510648,709523798993.5100,0.769059
2021-08-10,sz.399001,14919.5154,15057.5913,14863.0806,15057.5913,14941.4419,47407260331,790672653314.8300,0.777364
2021-08-11,sz.399001,15048.8698,15101.1285,14969.0818,15021.1701,15057.5913,49164369483,740726769364.9500,-0.241879
2021-08-12,sz.399001,14972.4948,15037.5769,14857.9113,14901.9705,15021.1701,50351515003,766707398054.9100,-0.793544
2021-08-13,sz.399001,14839.5138,14994.6063,14717.6733,14799.0326,14901.9705,49026555129,764286548129.5100,-0.690767
2021-08-16,sz.399001,14756.4764,14800.2201,14660.0812,14693.7367,14799.0326,47213628437,721637788500.4200,-0.711505
2021-08-17,sz.399001,14696.1883,14750.9322,14308.6341,14350.6479,14693.7367,50938592271,737913397957.7900,-2.334932
2021-08-18,sz.399001,14371.8174,14500.1364,14284.8479,14454.1144,14350.6479,44697194926,661708696362.3300,0.720988
2021-08-19,sz.399001,14456.1841,14570.6294,14357.7310,14487.3615,14454.1144,45369446764,677113272665.5000,0.230018
2021-08-20,sz.399001,14376.8993,14448.9249,14100.9239,14253.5349,14487.3615,44077076120,699871806401.8300,-1.614004
2021-08-23,sz.399001,14296.9527,14558.4680,14260.0765,14535.8765,14253.5349,48136158585,758251761734.6800,1.980853
2021-08-24,sz.399001,14558.9602,14710.0069,14496.8856,14663.5493,14535.8765,50841942276,792234533691.9900,0.878329
2021-08-25,sz.399001,14657.6518,14697.4968,14562.8223,14697.4968,14663.5493,47495291967,715843870521.4000,0.231509
2021-08-26,sz.399001,14701.9242,14701.9242,14409.8843,14415.4586,14697.4968,51834180752,751913856437.4800,-1.918954
2021-08-27,sz.399001,14382.1790,14537.1535,14366.1468,14436.8954,14415.4586,51158054571,748763701765.0700,0.148707
2021-08-30,sz.399001,14482.9746,14546.7443,14339.3843,14423.3660,14436.8954,55168125397,879104569283.0500,-0.093714
2021-08-31,sz.399001,14407.9397,14418.2627,14157.5495,14328.3818,14423.3660,53002820661,778576913738.6300,-0.658544
2021-09-01,sz.399001,14336.0707,14418.6092,14058.2494,14314.0861,14328.3818,60181317363,868626061667.9900,-0.099772
2021-09-02,sz.399001,14294.5447,14348.8153,14226.4232,14277.3392,14314.0861,52224978060,742937247699.7100,-0.256718
2021-09-03,sz.399001,14295.5615,14302.9036,14118.7323,14179.8642,14277.3392,59786332762,829276449011.5400,-0.682725
2021-09-06,sz.399001,14184.4245,14567.1367,14145.6329,14546.6048,14179.8642,53157271026,772062313963.6500,2.586348
2021-09-07,sz.399001,14543.8392,14724.6253,14483.5469,14702.8985,14546.6048,53223518760,743489213658.9300,1.074434
2021-09-08,sz.399001,14706.8825,14789.0895,14630.4969,14688.0804,14702.8985,61092360904,800435747214.4200,-0.100784
2021-09-09,sz.399001,14666.0476,14716.7334,14547.0664,14698.5281,14688.0804,57129567536,752689921080.1800,0.071130
2021-09-10,sz.399001,14673.4537,14811.5104,14645.2577,14771.8711,14698.5281,57388120320,784853695098.0700,0.498982
2021-09-13,sz.399001,14776.8205,14833.8848,14648.7822,14705.8272,14771.8711,54952022428,767014745552.4300,-0.447092
2021-09-14,sz.399001,14699.2244,14844.2633,14589.7249,14626.0848,14705.8272,57755259001,819405121229.1000,-0.542250
2021-09-15,sz.399001,14590.8001,14602.3375,14476.1943,14536.3136,14626.0848,51525808907,750408019139.9700,-0.613775
2021-09-16,sz.399001,14527.0960,14550.3094,14258.1299,14258.1299,14536.3136,57164442778,804472782874.2800,-1.913716
2021-09-17,sz.399001,14224.6110,14383.6173,14136.4659,14359.3583,14258.1299,50900041398,714327595795.4000,0.709970
2021-09-22,sz.399001,14139.8979,14311.9586,14117.6320,14277.0753,14359.3583,43591068662,592758912678.8000,-0.573027
2021-09-23,sz.399001,14380.0942,14416.3692,14338.9857,14387.3589,14277.0753,51530745414,688258045250.2100,0.772452
2021-09-24,sz.399001,14359.1081,14514.3892,14307.6821,14357.8459,14387.3589,48847728984,676605171279.2300,-0.205131
2021-09-27,sz.399001,14430.0401,14527.7690,14253.1501,14344.2873,14357.8459,51231511813,725024676514.0100,-0.094433
2021-09-28,sz.399001,14307.5316,14425.1580,14243.2020,14313.8226,14344.2873,38138051862,543683598508.6800,-0.212382
2021-09-29,sz.399001,14202.3977,14235.8793,14020.5554,14079.0235,14313.8226,41258802410,566656928233.8400,-1.640366
2021-09-30,sz.399001,14124.0754,14337.5048,14124.0754,14309.0127,14079.0235,35261379315,504703883914.1100,1.633559
2021-10-08,sz.399001,14457.9396,14489.3278,14348.9804,14414.1594,14309.0127,40147890017,567706953788.6900,0.734828
2021-10-11,sz.399001,14440.8246,14484.3928,14338.4708,14367.6033,14414.1594,37382765442,523503526693.1400,-0.322989
2021-10-12,sz.399001,14335.5355,14335.5355,14006.6470,14135.3762,14367.6033,39385089507,534606735394.5600,-1.616325
2021-10-13,sz.399001,14140.4177,14358.4970,14112.9130,14353.0785,14135.3762,33965891989,484657817950.5600,1.540124
2021-10-14,sz.399001,14350.6275,14399.9156,14293.5337,14341.3757,14353.0785,34120029410,483313140368.4800,-0.081535
2021-10-15,sz.399001,14294.1795,14440.5762,14232.0311,14415.9919,14341.3757,38365500847,563137427676.1500,0.520286
2021-10-18,sz.399001,14393.1753,14393.1753,14218.6078,14350.0191,14415.9919,36156419930,546460157210.0300,-0.457636
2021-10-19,sz.399001,14352.9305,14504.2368,14352.9305,14499.7670,14350.0191,35829868528,533139168462.3600,1.043538
2021-10-20,sz.399001,14500.4561,14552.5738,14431.6317,14452.2460,14499.7670,37811757609,569678002113.5900,-0.327736
2021-10-21,sz.399001,14466.4160,14501.4524,14348.1208,14444.8561,14452.2460,37231127946,539402770438.5400,-0.051133
2021-10-22,sz.399001,14467.3682,14582.7901,14454.8555,14492.8214,14444.8561,38226250394,559803944578.1700,0.332058
2021-10-25,sz.399001,14491.3483,14599.0043,14452.8808,14596.7242,14492.8214,36280331313,570790029710.7100,0.716926
2021-10-26,sz.399001,14658.9932,14682.4281,14531.4838,14552.8194,14596.7242,38683049733,617166437340.9900,-0.300785
2021-10-27,sz.399001,14510.4490,14510.4490,14348.0519,14393.5079,14552.8194,39832512773,606050315221.0900,-1.094712
2021-10-28,sz.399001,14350.9100,14407.6626,14188.2889,14244.8198,14393.5079,39184698237,604708157459.3600,-1.033022
2021-10-29,sz.399001,14242.6838,14457.4378,14199.5896,14451.3820,14244.8198,38001438315,611152599156.7400,1.450086
2021-11-01,sz.399001,14393.5775,14569.2259,14344.4834,14476.5260,14451.3820,40969401099,659059306860.6300,0.173990
2021-11-02,sz.399001,14476.8977,14558.3570,14248.0046,14377.2656,14476.5260,44383416678,672622360147.7900,-0.685665
2021-11-03,sz.399001,14365.2139,14458.6193,14287.3439,14367.7804,14377.2656,36078656530,551101973694.2600,-0.065974
2021-11-04,sz.399001,14440.2156,14557.9442,14420.1447,14555.2742,14367.7804,38493183033,609881687749.9600,1.304960
2021-11-05,sz.399001,14536.6000,14623.4776,14462.5935,14462.6220,14555.2742,44573408901,665324270130.6300,-0.636554
2021-11-08,sz.399001,14451.5898,14532.7204,14400.8378,14508.8612,14462.6220,40102296495,616865020931.3100,0.319715
2021-11-09,sz.399001,14538.6181,14581.4211,14463.7678,14571.9327,14508.8612,38886038455,589660627308.4400,0.434710
2021-11-10,sz.399001,14521.7201,14536.6267,14302.7969,14515.8805,14571.9327,42661209839,637062582243.3700,-0.384659
2021-11-11,sz.399001,14497.9813,14708.1180,14479.3665,14699.7443,14515.8805,45388079203,658370156827.7300,1.266639
2021-11-12,sz.399001,14708.6000,14732.3455,14646.4916,14705.3683,14699.7443,44841196412,655708878356.2600,0.038259
2021-11-15,sz.399001,14724.3426,14732.0501,14578.2343,14636.3905,14705.3683,46560201568,693965567435.9300,-0.469065
2021-11-16,sz.399001,14626.8740,14736.3721,14597.0404,14613.9723,14636.3905,45817933855,668984629714.5300,-0.153168
2021-11-17,sz.399001,14646.6591,14711.1836,14596.8886,14711.1836,14613.9723,43793166675,635624382895.9800,0.665194
2021-11-18,sz.399001,14685.7850,14685.7850,14555.2232,14579.1666,14711.1836,47926393234,691427290463.7500,-0.897392
2021-11-19,sz.399001,14569.9280,14761.5316,14552.6688,14752.4868,14579.1666,46199385428,672557142615.7000,1.188821
2021-11-22,sz.399001,14778.5836,14961.7873,14776.0350,14960.6561,14752.4868,47718399896,745793607875.5000,1.411079
2021-11-23,sz.399001,14929.2421,14954.8477,14874.4326,14905.1331,14960.6561,48071164498,720402991441.2400,-0.371127
2021-11-24,sz.399001,14908.9745,14942.9565,14864.8933,14887.5951,14905.1331,47778359002,721360130775.9800,-0.117664
2021-11-25,sz.399001,14884.8536,14897.1820,14819.6833,14827.9515,14887.5951,44698049733,662565957511.6700,-0.400626
2021-11-26,sz.399001,14802.0155,14862.9322,14745.5918,14777.1712,14827.9515,44128963042,667083885088.3000,-0.342463
2021-11-29,sz.399001,14635.4751,14825.4324,14633.0590,14810.1977,14777.1712,43539097698,687529624833.8800,0.223497
2021-11-30,sz.399001,14854.5238,14870.2251,14712.8219,14795.7344,14810.1977,47301283194,728259547107.6600,-0.097658
2021-12-01,sz.399001,14794.3653,14824.8087,14724.7195,14794.2469,14795.7344,46044118055,678971158217.9600,-0.010054
2021-12-02,sz.399001,14769.6882,14834.7874,14740.2357,14765.5607,14794.2469,47863787945,684884159873.6900,-0.193901
2021-12-03,sz.399001,14772.6665,14892.0532,14767.4467,14892.0532,14765.5607,43396698280,641750487954.5800,0.856673
2021-12-06,sz.399001,14872.5453,14942.2414,14742.0972,14752.9567,14892.0532,46777699831,675377501245.9000,-0.934032
2021-12-07,sz.399001,14845.0188,14861.3777,14602.7291,14697.1668,14752.9567,45014216981,675619377462.2300,-0.378161
2021-12-08,sz.399001,14748.6499,14964.4643,14733.8866,14964.4643,14697.1668,40810274509,615474166881.9300,1.818701
2021-12-09,sz.399001,14965.4355,15193.6750,14957.3368,15147.8749,14964.4643,47054755444,695503275240.2200,1.225641
2021-12-10,sz.399001,15044.6814,15148.7783,15026.3705,15111.5614,15147.8749,45386002614,679057146170.2600,-0.239727
2021-12-13,sz.399001,15166.1560,15288.6546,15151.8045,15212.4858,15111.5614,47516232485,696525932201.2700,0.667862
2021-12-14,sz.399001,15171.0544,15185.2522,15109.0581,15136.7753,15212.4858,46156842561,653648447609.0300,-0.497687
2021-12-15,sz.399001,15112.1844,15187.2555,15012.7451,15026.2074,15136.7753,47501850159,654947646676.7900,-0.730459
2021-12-16,sz.399001,15047.4668,15112.8062,14977.4506,15112.8062,15026.2074,47449150775,647679981375.0900,0.576318
2021-12-17,sz.399001,15075.2268,15075.2268,14867.2510,14867.5533,15112.8062,50418320381,667484921248.8600,-1.622815
2021-12-20,sz.399001,14818.4157,14902.1344,14551.3649,14569.1835,14867.5533,50463990934,666449901248.7800,-2.006852
2021-12-21,sz.399001,14559.7240,14702.3827,14547.6025,14688.9837,14569.1835,48036278348,571999287353.5400,0.822285
2021-12-22,sz.399001,14723.4088,14813.0421,14709.4020,14791.3320,14688.9837,53163265256,630016031047.6000,0.696769
2021-12-23,sz.399001,14818.9922,14878.9547,14790.4543,14863.9277,14791.3320,49240067621,627289023691.6700,0.490799
2021-12-24,sz.399001,14872.4161,14887.4557,14674.1406,14710.3282,14863.9277,50736522163,655545720823.3300,-1.033371
2021-12-27,sz.399001,14704.2859,14802.3512,14652.4177,14715.6458,14710.3282,43610666877,567285592235.5000,0.036149
2021-12-28,sz.399001,14736.7327,14841.8790,14696.4509,14837.8687,14715.6458,43215711767,593880149792.0700,0.830564
2021-12-29,sz.399001,14828.1935,14828.1935,14645.1984,14653.8236,14837.8687,42428006774,586862051288.8000,-1.240374
2021-12-30,sz.399001,14652.0812,14846.8171,14652.0812,14796.2313,14653.8236,45543080629,603918623565.7800,0.971813
2021-12-31,sz.399001,14842.0716,14871.9757,14797.1137,14857.3453,14796.2313,46867522613,626736504956.2800,0.413038
