date,code,open,high,low,close,preclose,volume,amount,pctChg,emotion
2020/1/2,sh.000001,-0.981499783,-0.945602694,-0.906804352,-0.927037135,-1.053383261,-0.272172364,-0.639018124,0.994532122,0.61164929
2020/1/3,sh.000001,-0.897274283,-0.961523781,-0.876290363,-0.932297432,-0.922696161,-0.609883966,-0.940284455,-0.079373476,-0.183782964
2020/1/6,sh.000001,-0.964522518,-0.911748533,-0.91063445,-0.933701916,-0.927957479,-0.052956037,-0.606741613,-0.049246942,-0.182830286
2020/1/7,sh.000001,-0.91039426,-0.91826796,-0.839697445,-0.854003949,-0.929362236,-0.445393015,-0.955127116,0.584894963,0.334567988
2020/1/8,sh.000001,-0.87790988,-0.959965516,-0.933670983,-0.995230997,-0.849648806,-0.213269359,-0.806473781,-1.134918613,0.354093744
2020/1/9,sh.000001,-0.920971174,-0.948470052,-0.855353485,-0.890960142,-0.990903254,-0.806807407,-1.088273797,0.781422503,-0.191945308
2020/1/10,sh.000001,-0.848005687,-0.919108457,-0.850635788,-0.900612712,-0.886612169,-1.166539666,-1.332493459,-0.113460956,-0.512875247
2020/1/13,sh.000001,-0.888100694,-0.880635284,-0.873060698,-0.813888598,-0.896266612,-1.164592981,-1.195095607,0.637885401,-0.239194971
2020/1/14,sh.000001,-0.779795914,-0.837494752,-0.760354361,-0.846482321,-0.809525672,-0.953585345,-1.089682756,-0.290487354,-0.655449201
2020/1/15,sh.000001,-0.844734974,-0.909000184,-0.848226593,-0.90900609,-0.842125718,-1.255176799,-1.402479883,-0.523459181,0.42266006
2020/1/16,sh.000001,-0.872355979,-0.952032864,-0.88983929,-0.968448934,-0.904661617,-1.24359265,-1.37065683,-0.502055707,0.846702881
2020/1/17,sh.000001,-0.925333362,-0.968470895,-0.903384488,-0.963181186,-0.964115994,-1.386110674,-1.326687574,0.003046514,-0.671496629
2020/1/20,sh.000001,-0.922923949,-0.952259724,-0.891345969,-0.887584909,-0.958847225,-1.165984938,-1.093083693,0.554344491,0.037242731
2020/1/21,sh.000001,-0.909276797,-0.991387443,-0.963137009,-1.050184707,-0.883236281,-0.900628713,-0.970439429,-1.304558432,-0.685932702
2020/1/22,sh.000001,-1.084889212,-1.052888734,-1.130822229,-1.018097641,-1.045867625,-1.020322988,-1.033688759,0.215193291,-0.165861244
2020/1/23,sh.000001,-1.086871688,-1.142933438,-1.320727243,-1.33187509,-1.013774335,-0.487042025,-0.636645566,-2.509865911,0.49319204
2020/2/3,sh.000001,-2.279531063,-2.178540506,-2.21074593,-2.188435444,-1.327612662,-1.106902931,-1.2072742,-6.976240963,-0.656448523
2020/2/4,sh.000001,-2.396207532,-2.10569623,-2.327953659,-2.05177949,-2.184339203,0.508237081,-0.259481659,1.161279823,0.326488097
2020/2/5,sh.000001,-1.998591294,-1.895282004,-1.978900032,-1.922134781,-2.047656735,-0.083637927,-0.460979075,1.08473748,0.924725713
2020/2/6,sh.000001,-1.870458049,-1.769412064,-1.871698296,-1.741742365,-1.917986873,-0.011346021,-0.384870965,1.505026977,-0.397283507
2020/2/7,sh.000001,-1.751483542,-1.771732727,-1.755486318,-1.70652222,-1.737559458,-0.086714612,-0.354092485,0.257958922,0.835199441
2020/2/10,sh.000001,-1.745666054,-1.71265995,-1.709689229,-1.652414181,-1.702332479,-0.24535504,-0.523038077,0.415322507,0.94524187
2020/2/11,sh.000001,-1.619285109,-1.630960708,-1.59336164,-1.610737878,-1.648213942,-0.526238021,-0.835300771,0.30935151,0.29881988
2020/2/12,sh.000001,-1.615516921,-1.582301163,-1.555388842,-1.516764091,-1.606529553,-0.749044479,-0.879213344,0.742538778,1.133582727
2020/2/13,sh.000001,-1.498246452,-1.550663533,-1.522502951,-1.594349743,-1.512537534,-0.464781881,-0.579671774,-0.677351325,-0.39557946
2020/2/14,sh.000001,-1.599519756,-1.582141245,-1.528727328,-1.553615972,-1.590138239,-0.728140843,-0.793817437,0.299668302,-0.618168672
2020/2/17,sh.000001,-1.506239466,-1.371291894,-1.433933321,-1.305446942,-1.549396565,-0.046172408,-0.316601204,2.012870423,0.328464346
2020/2/18,sh.000001,-1.296787608,-1.345396418,-1.300480305,-1.300421347,-1.301179386,-0.062877201,-0.251942915,0.002343244,-0.029902294
2020/2/19,sh.000001,-1.303793097,-1.316867882,-1.259285302,-1.336073641,-1.296152815,-0.024985881,-0.200669742,-0.326226574,0.989271369
2020/2/20,sh.000001,-1.29503902,-1.193772324,-1.271875772,-1.132095575,-1.331812027,0.308562774,0.061931175,1.614542166,1.361961131
2020/2/21,sh.000001,-1.145183934,-1.091395378,-1.079080469,-1.096648178,-1.127794385,0.513809458,0.31539005,0.24376868,-0.202846013
2020/2/24,sh.000001,-1.124219443,-1.153562373,-1.126764637,-1.128075844,-1.092340112,0.577841593,0.368339399,-0.287536854,0.114139028
2020/2/25,sh.000001,-1.294337358,-1.247419063,-1.364100219,-1.195815204,-1.123773875,1.354072097,0.866560466,-0.577040617,0.006582954
2020/2/26,sh.000001,-1.307887985,-1.203412001,-1.24764583,-1.289405272,-1.191526377,1.653112677,0.722522689,-0.787139559,-0.24307752
2020/2/27,sh.000001,-1.255645677,-1.27526702,-1.227003575,-1.276738835,-1.285134603,0.360797706,-0.082244259,0.063937286,-0.597524454
2020/2/28,sh.000001,-1.507542554,-1.503357708,-1.607152978,-1.690353885,-1.272465709,0.913517888,0.214949045,-3.371893287,-0.375316596
2020/3/2,sh.000001,-1.601580194,-1.375498096,-1.529708161,-1.352726281,-1.686161008,0.544077827,-0.071814719,2.787813594,0.522690542
2020/3/3,sh.000001,-1.202196806,-1.210612007,-1.2413767,-1.270897372,-1.348467898,1.010459953,0.331520208,0.625780718,-0.167301852
2020/3/4,sh.000001,-1.295313745,-1.265798417,-1.249823802,-1.200974914,-1.266623113,0.391486155,-0.131331116,0.524993978,0.17409647
2020/3/5,sh.000001,-1.093546764,-1.034275082,-1.068694078,-0.97740485,-1.196687089,1.395537583,0.620729407,1.751480388,-0.306544008
2020/3/6,sh.000001,-1.079494949,-1.115401597,-1.044314959,-1.115863908,-0.973073648,0.486597789,-0.232589964,-1.125018945,1.703961559
2020/3/9,sh.000001,-1.275360911,-1.350584067,-1.375296637,-1.455698081,-1.111558452,1.059008638,0.25937176,-2.738270526,-0.597432327
2020/3/10,sh.000001,-1.528723484,-1.309335768,-1.509237832,-1.256495633,-1.451459676,0.827161414,0.153076285,1.593454849,-0.215716434
2020/3/11,sh.000001,-1.221228569,-1.273141233,-1.271605763,-1.361717961,-1.25221858,0.382029692,-0.221431652,-0.884792571,-0.447088251
2020/3/12,sh.000001,-1.465308033,-1.516972637,-1.503700039,-1.529480449,-1.357461322,-0.105263017,-0.630823486,-1.400777062,-0.765692751
2020/3/13,sh.000001,-1.954556582,-1.641871543,-1.900134633,-1.663815837,-1.525256359,0.534451013,-0.106018428,-1.146099076,-0.353841886
2020/3/16,sh.000001,-1.609038979,-1.689647079,-1.957278436,-2.02955101,-1.659617811,0.375571655,-0.246857705,-3.092065547,-0.738718579
2020/3/17,sh.000001,-1.984064279,-1.954173293,-2.216249413,-2.065363498,-2.025423943,-0.123021979,-0.672897934,-0.347816868,-0.560919092
2020/3/18,sh.000001,-1.998772835,-1.995205518,-2.165771921,-2.254929395,-2.061243379,-0.286459476,-0.708542992,-1.682473003,-0.780684224
2020/3/19,sh.000001,-2.269472785,-2.289207128,-2.471402225,-2.354125107,-2.250846055,-0.164965938,-0.61212643,-0.914688275,-0.782110979
2020/3/20,sh.000001,-2.241212117,-2.233137825,-2.263717275,-2.192111691,-2.350061012,-0.713215626,-1.008376071,1.407270675,-0.352541809
2020/3/23,sh.000001,-2.424712111,-2.413758679,-2.435241918,-2.510452037,-2.188016163,-0.737194629,-1.114938762,-2.833617029,-0.616167137
2020/3/24,sh.000001,-2.330309532,-2.339091716,-2.395589023,-2.278467361,-2.506418273,-0.658673061,-1.029299931,2.064227982,-0.565374535
2020/3/25,sh.000001,-2.061955511,-2.096505066,-2.057450244,-2.058096689,-2.274388587,-0.482885357,-0.914380652,1.913286338,-0.629173188
2020/3/26,sh.000001,-2.111729378,-2.096994488,-2.073760423,-2.120238229,-2.05397516,-0.908770328,-1.278046078,-0.576875353,-0.749534946
2020/3/27,sh.000001,-1.996314417,-2.033607286,-2.005407522,-2.093070957,-2.116128756,-0.835936278,-1.234716522,0.198624685,-0.704160768
2020/3/30,sh.000001,-2.194061503,-2.206351646,-2.187036986,-2.186167406,-2.088956213,-0.847466028,-1.258555471,-0.847908179,-0.618670579
2020/3/31,sh.000001,-2.091640666,-2.161465409,-2.112221027,-2.174684164,-2.182070725,-1.077610626,-1.47245821,0.06250919,-1.129592369
2020/4/1,sh.000001,-2.179873069,-2.153299204,-2.157108141,-2.233451588,-2.170585254,-1.092278162,-1.461494237,-0.553426739,-0.500573512
2020/4/2,sh.000001,-2.266420739,-2.126247859,-2.198784611,-2.061648507,-2.229364081,-1.085614403,-1.400868487,1.476459671,-0.133394645
2020/4/3,sh.000001,-2.068366257,-2.126437901,-2.07135533,-2.123678657,-2.057527667,-1.271265822,-1.55512527,-0.576093942,-0.796829558
2020/4/7,sh.000001,-1.944401408,-1.967673676,-1.893218452,-1.91216406,-2.119569852,-0.515009323,-0.96752434,1.806701889,-0.115524282
2020/4/8,sh.000001,-1.948303246,-1.96790723,-1.898970313,-1.93226197,-1.908014218,-0.805938889,-1.23853043,-0.210045142,-0.135637098
2020/4/9,sh.000001,-1.874340211,-1.933762615,-1.823873903,-1.893014643,-1.928116027,-0.864058137,-1.285228533,0.297826148,0.392076327
2020/4/10,sh.000001,-1.86933576,-1.931457572,-1.93746038,-2.002066705,-1.888861085,-0.915631229,-1.293463659,-0.96864874,2.76405735
2020/4/13,sh.000001,-2.027448932,-2.080679928,-1.99673852,-2.052671356,-1.997934305,-1.529812459,-1.797579684,-0.474521301,-0.683973383
2020/4/14,sh.000001,-1.989569917,-1.952718044,-1.939502975,-1.887875795,-2.048548774,-1.25099492,-1.477843026,1.389343132,-0.159095219
2020/4/15,sh.000001,-1.871286679,-1.943598284,-1.867614971,-1.947888256,-1.88372124,-1.219107587,-1.412852741,-0.550015476,2.804865332
2020/4/16,sh.000001,-1.976099109,-1.967444957,-1.91186473,-1.9152502,-1.943745344,-1.247645405,-1.487341357,0.241645398,-0.61905655
2020/4/17,sh.000001,-1.83825916,-1.849843495,-1.788112269,-1.846108218,-1.911100956,-0.781717965,-1.020991928,0.552868792,-0.023319863
2020/4/20,sh.000001,-1.820252047,-1.857169575,-1.776029743,-1.793735109,-1.84194556,-1.151224824,-1.395629424,0.406574297,0.167863825
2020/4/21,sh.000001,-1.813462997,-1.897159361,-1.870160289,-1.888880541,-1.789562289,-0.918017924,-1.274734214,-0.842420339,2.774834015
2020/4/22,sh.000001,-1.918048222,-1.89067638,-1.868442899,-1.825670922,-1.884726181,-1.091552301,-1.40341919,0.500797185,-0.356801345
2020/4/23,sh.000001,-1.782748737,-1.85476821,-1.766204254,-1.846089964,-1.821504299,-0.748547213,-1.16158828,-0.211365457,2.582192098
2020/4/24,sh.000001,-1.840558683,-1.924302566,-1.890755926,-1.957741253,-1.841927302,-0.896765284,-1.311715354,-0.986596941,-0.579753975
2020/4/27,sh.000001,-1.924819452,-1.932754019,-1.88904413,-1.931792194,-1.953600254,-1.169935823,-1.464174499,0.184488333,-0.711608745
2020/4/28,sh.000001,-1.896050543,-1.973370086,-2.05579327,-1.952171747,-1.92764616,-0.693009347,-1.097836908,-0.212778283,-0.466172596
2020/4/29,sh.000001,-1.965134239,-1.936108567,-1.897323408,-1.905909075,-1.948029666,-1.257915876,-1.485017384,0.358654946,-0.436313439
2020/4/30,sh.000001,-1.850041894,-1.810310032,-1.779301177,-1.765684912,-1.901758019,-0.817496606,-1.041915787,1.159528385,0.552290877
2020/5/6,sh.000001,-1.852832581,-1.759458501,-1.785755658,-1.698411229,-1.76150665,-0.737125219,-0.827745832,0.528821993,-0.019897603
2020/5/7,sh.000001,-1.686363683,-1.749198493,-1.659225536,-1.723062351,-1.694219915,-0.988877061,-1.113448828,-0.244761343,-0.381658612
2020/5/8,sh.000001,-1.663215871,-1.668218879,-1.604693808,-1.634318313,-1.71887582,-0.987949,-1.049025365,0.706828299,-0.050599439
2020/5/11,sh.000001,-1.593175464,-1.629217235,-1.585385935,-1.636338982,-1.630114564,-1.006502644,-1.086532841,-0.055093153,-0.29180407
2020/5/12,sh.000001,-1.619002588,-1.69014208,-1.634429843,-1.648430214,-1.632135625,-1.312201113,-1.357433664,-0.138968184,-0.563396243
2020/5/13,sh.000001,-1.662297398,-1.681376742,-1.618373265,-1.624240672,-1.644229203,-1.44327619,-1.475729587,0.163421674,0.090036586
2020/5/14,sh.000001,-1.647066865,-1.730471411,-1.642063189,-1.727462075,-1.620034967,-1.304642809,-1.366656681,-0.896980785,-0.14460892
2020/5/15,sh.000001,-1.670644956,-1.741025222,-1.66374371,-1.734478909,-1.723276397,-1.400510651,-1.28939873,-0.097204016,-0.694281499
2020/5/18,sh.000001,-1.701021749,-1.719605204,-1.667841953,-1.708554065,-1.730294592,-0.996662785,-0.947588372,0.17963101,-0.237523403
2020/5/19,sh.000001,-1.607606696,-1.681525502,-1.573466012,-1.622279237,-1.704364719,-1.310680985,-1.213282522,0.685115853,-0.446799338
2020/5/20,sh.000001,-1.612139659,-1.695482952,-1.61598197,-1.677557804,-1.618073152,-1.165694423,-1.10883327,-0.498053446,-0.959314359
2020/5/21,sh.000001,-1.633465748,-1.71388462,-1.660620333,-1.73647201,-1.673362443,-1.24188561,-1.259502875,-0.530815222,-0.801074049
2020/5/22,sh.000001,-1.736209572,-1.819770453,-1.870174088,-1.938234568,-1.73228808,-1.181572501,-1.302743359,-1.734391022,3.585393058
2020/5/25,sh.000001,-1.909973905,-1.974289426,-1.890881234,-1.922571773,-1.934089783,-1.576031215,-1.651865731,0.09593741,0.26186605
2020/5/26,sh.000001,-1.866702112,-1.874473763,-1.803480026,-1.816108135,-1.91842395,-1.557748549,-1.608843878,0.872588907,3.869661976
2020/5/27,sh.000001,-1.794593842,-1.872021447,-1.781002532,-1.852407536,-1.811939656,-1.300574367,-1.442797181,-0.345710651,-0.484562394
2020/5/28,sh.000001,-1.828424375,-1.823943556,-1.824944615,-1.817321132,-1.848246099,-1.198120256,-1.351295782,0.259924126,-0.572288911
2020/5/29,sh.000001,-1.838163006,-1.848297502,-1.789583892,-1.794486154,-1.813152889,-1.206332731,-1.395305526,0.155160274,0.170060262
2020/6/1,sh.000001,-1.703101864,-1.618554829,-1.631692087,-1.559486866,-1.79031348,-0.624064904,-0.799194157,1.948048346,1.005714097
2020/6/2,sh.000001,-1.538442439,-1.584310172,-1.493093985,-1.537257641,-1.555268598,-0.668637315,-0.90456652,0.1455588,0.089295457
2020/6/3,sh.000001,-1.486193448,-1.523315039,-1.442622088,-1.52990701,-1.53303506,-0.673479101,-0.85561732,0.022395865,-0.392193668
2020/6/4,sh.000001,-1.48082146,-1.559731598,-1.487037805,-1.545257614,-1.525683003,-0.9903063,-1.228926832,-0.164864322,-0.789569447
2020/6/5,sh.000001,-1.512929021,-1.567795902,-1.493129788,-1.502233825,-1.541036585,-1.091108834,-1.238684282,0.317055144,-0.96687689
2020/6/8,sh.000001,-1.443161854,-1.496144313,-1.399550821,-1.476260551,-1.498004449,-0.941040201,-1.064823527,0.175394326,-0.159127446
2020/6/9,sh.000001,-1.452244486,-1.469914126,-1.404293877,-1.407934809,-1.472026136,-1.181737434,-1.252660513,0.522459333,-0.296551598
2020/6/10,sh.000001,-1.408647478,-1.491442739,-1.397191972,-1.45397768,-1.403687138,-1.193977574,-1.312962364,-0.413780524,-0.215999787
2020/6/11,sh.000001,-1.451292973,-1.486529181,-1.481661495,-1.539124823,-1.449738942,-0.912707212,-0.948130902,-0.735621227,0.409939404
2020/6/12,sh.000001,-1.685137816,-1.56982016,-1.629259024,-1.543431412,-1.534902604,-0.887785755,-1.067171793,-0.073813783,0.380246408
2020/6/15,sh.000001,-1.568291315,-1.598525722,-1.564314799,-1.654114464,-1.539210029,-0.809321714,-0.912995985,-0.952214861,0.112875419
2020/6/16,sh.000001,-1.551405377,-1.564152015,-1.493070117,-1.498694674,-1.649914555,-1.02620854,-1.094484556,1.258280761,0.328521419
2020/6/17,sh.000001,-1.477728204,-1.546162785,-1.456144536,-1.483332148,-1.494464611,-0.902551464,-1.03733262,0.088067614,0.046604262
2020/6/18,sh.000001,-1.488089422,-1.522799584,-1.4521537,-1.470508871,-1.479099105,-0.640470698,-0.945337276,0.067037781,-0.325595089
2020/6/19,sh.000001,-1.455015497,-1.409674323,-1.393533053,-1.365008627,-1.46627334,-0.579166377,-0.704672402,0.827083846,0.053126605
2020/6/22,sh.000001,-1.350649309,-1.372031234,-1.306969469,-1.373809565,-1.360752627,-0.540243233,-0.486526589,-0.109766768,0.029534488
2020/6/23,sh.000001,-1.372973689,-1.413073128,-1.341235612,-1.353883769,-1.369555273,-1.005501749,-0.815688701,0.123741268,-0.443358986
2020/6/24,sh.000001,-1.328070252,-1.373874748,-1.261513621,-1.320615,-1.349625611,-1.136465624,-0.883464516,0.231739442,2.487503555
2020/6/29,sh.000001,-1.327724989,-1.392582491,-1.334062848,-1.387799645,-1.316350387,-1.05554189,-0.908752911,-0.581897041,-0.167361186
2020/6/30,sh.000001,-1.357314733,-1.344558525,-1.284330491,-1.301527425,-1.383548067,-1.117314298,-0.881010983,0.664063565,0.881848663
2020/7/1,sh.000001,-1.260507939,-1.213050935,-1.210194775,-1.147641763,-1.297259108,-0.481046266,-0.293361469,1.20477567,0.354741396
2020/7/2,sh.000001,-1.13971208,-0.966640397,-1.073364784,-0.907023047,-1.14334359,0.803516104,0.583853534,1.878846774,3.308144119
2020/7/3,sh.000001,-0.841686269,-0.742125911,-0.766354227,-0.675140447,-0.90267819,1.541292426,1.047619871,1.77063214,1.072140923
2020/7/6,sh.000001,-0.530414998,-0.056118186,-0.453665652,-0.004310667,-0.670750601,3.55931719,2.575328844,5.091514473,1.462846857
2020/7/7,sh.000001,0.186521953,0.203501536,0.099786574,0.042093942,0.000209331,3.711539931,3.137973374,0.297413886,6.071275595
2020/7/8,sh.000001,0.025392745,0.257241623,0.067954614,0.25855292,0.046622944,2.940044075,2.353895459,1.521718633,2.737571955
2020/7/9,sh.000001,0.270163107,0.389046733,0.313840602,0.434219265,0.263123919,3.298979883,2.796009164,1.206119337,1.684410392
2020/7/10,sh.000001,0.327526809,0.300297733,0.235033433,0.18360524,0.438824346,2.602461849,2.405638285,-1.789307144,0.662232573
2020/7/13,sh.000001,0.180704836,0.395812731,0.222096874,0.406996856,0.188161697,2.62303476,2.520614246,1.553605587,0.204478579
2020/7/14,sh.000001,0.387257231,0.367663534,0.211076484,0.300197557,0.411596656,2.461717309,2.439072734,-0.78605726,4.571249245
2020/7/15,sh.000001,0.33919557,0.297850996,0.13524277,0.101579629,0.304776636,1.903679684,2.175095248,-1.440631713,-0.524261808
2020/7/16,sh.000001,0.095214486,0.078730935,-0.372036816,-0.461725885,0.106120172,1.88822524,2.213485348,-4.078633655,-0.787335381
2020/7/17,sh.000001,-0.431800217,-0.370351219,-0.478148447,-0.446712059,-0.457294632,0.460330611,0.651224475,0.074493519,-0.372841392
2020/7/20,sh.000001,-0.322250636,-0.142114002,-0.331174475,-0.074094167,-0.442277894,1.10256235,1.116909913,2.756754755,0.283386368
2020/7/21,sh.000001,-0.000613692,-0.058324304,-0.03324017,-0.048963583,-0.069587708,0.455965132,0.670059188,0.144549253,-0.199320821
2020/7/22,sh.000001,-0.057656635,0.110134268,0.008582492,-0.003257118,-0.044452248,0.827583227,1.088819793,0.29355713,-0.144469741
2020/7/23,sh.000001,-0.091190539,-0.059733437,-0.192653572,-0.033259064,0.001263085,0.977035577,1.139914822,-0.255275361,0.231422785
2020/7/24,sh.000001,-0.074499137,-0.123601507,-0.464386944,-0.511386514,-0.028744682,1.195225841,1.442962596,-3.50501517,-0.518675936
2020/7/27,sh.000001,-0.446709248,-0.484874455,-0.502822934,-0.479875399,-0.506964897,-0.197498187,-0.031424544,0.199382743,-0.566126783
2020/7/28,sh.000001,-0.388249986,-0.39817649,-0.376636291,-0.39518313,-0.475447668,-0.305888932,-0.131493065,0.59877803,-0.843403803
2020/7/29,sh.000001,-0.403636816,-0.214995096,-0.371055983,-0.147100902,-0.390738968,0.081679442,0.38042892,1.814633659,1.517665113
2020/7/30,sh.000001,-0.115608027,-0.148429627,-0.101899256,-0.175898792,-0.142608607,0.253733041,0.573796478,-0.249007907,2.529700003
2020/7/31,sh.000001,-0.185313567,-0.069084147,-0.178531808,-0.08952673,-0.171412084,0.39607315,0.726061283,0.595284136,1.492648218
2020/8/3,sh.000001,0.005459587,0.058540795,0.067846834,0.126396159,-0.085023265,0.981597139,1.346756568,1.534464612,0.076608221
2020/8/4,sh.000001,0.169765953,0.143972065,0.160427066,0.140261065,0.130941517,1.361767487,1.61001338,0.060984092,0.068449678
2020/8/5,sh.000001,0.121103238,0.116310802,0.090968024,0.162156491,0.144809113,0.745674812,0.974953185,0.118296541,0.026818994
2020/8/6,sh.000001,0.18581101,0.150035913,0.092672735,0.19530642,0.166708787,1.06709637,1.331023186,0.198359724,-0.300340606
2020/8/7,sh.000001,0.148038915,0.080967177,-0.006609238,0.074498786,0.199865147,0.943095286,1.257724897,-0.898334332,-0.271907702
2020/8/10,sh.000001,0.040152905,0.176915068,0.095315391,0.168443514,0.079034075,0.697227436,0.979560645,0.637022257,-0.209594731
2020/8/11,sh.000001,0.181078685,0.210856997,0.099237979,0.023292107,0.17299703,0.905185554,0.873783408,-1.073850901,-0.707355805
2020/8/12,sh.000001,-0.011950927,-0.061857736,-0.172371578,-0.055032669,0.027817461,0.663965271,0.604218668,-0.60359332,-0.402234481
2020/8/13,sh.000001,-0.009417145,-0.052847316,-8.20E-05,-0.04959169,-0.050522512,0.074780054,-0.153453401,0.00125376,-0.279683258
2020/8/14,sh.000001,-0.055848276,0.035943709,-0.025170485,0.097088259,-0.045080476,-0.124671649,-0.312933051,1.026666075,-0.626654323
2020/8/17,sh.000001,0.160342142,0.36645969,0.223351446,0.390287218,0.101627931,1.277482353,1.063296571,2.065488119,0.416390791
2020/8/18,sh.000001,0.41291061,0.388111402,0.45929596,0.436066702,0.394883775,0.690136467,0.703987583,0.282691027,-0.035312237
2020/8/19,sh.000001,0.422677828,0.37970904,0.360556243,0.276020309,0.440672141,0.962640207,0.746175396,-1.156350828,-0.394525326
2020/8/20,sh.000001,0.205124923,0.156924266,0.161452653,0.111244865,0.280594697,0.198092348,-0.034793091,-1.203898335,-0.647318989
2020/8/21,sh.000001,0.183824079,0.154545958,0.180934317,0.173771241,0.115787283,-0.326490812,-0.363015896,0.409864307,-0.755168469
2020/8/24,sh.000001,0.224239474,0.164396875,0.218322717,0.192233691,0.178325791,-0.558298904,-0.489328314,0.093398274,-0.126422788
2020/8/25,sh.000001,0.230797607,0.21015336,0.20390633,0.147304349,0.196791823,-0.439610931,-0.405802922,-0.358210532,-0.708275628
2020/8/26,sh.000001,0.152570022,0.112467947,0.03972041,-0.016015573,0.151853763,-0.250574942,-0.195827455,-1.205434212,-0.979822633
2020/8/27,sh.000001,0.010316652,-0.001969008,0.013056659,0.059886188,-0.011497845,-0.875893483,-0.720349102,0.511307611,-0.611531241
2020/8/28,sh.000001,0.057830719,0.199022731,0.112495639,0.259918287,0.064418642,-0.502717426,-0.216573171,1.401277163,-0.242076595
2020/8/31,sh.000001,0.318672495,0.336103631,0.32066392,0.229633954,0.264489551,0.065867885,0.249541432,-0.252772152,-0.33464751
2020/9/1,sh.000001,0.219150379,0.216613655,0.269359619,0.285251907,0.234199342,-0.767952649,-0.641819848,0.356620583,-0.226250956
2020/9/2,sh.000001,0.333224013,0.25673844,0.252578417,0.263625456,0.289828085,-0.609342611,-0.489684602,-0.191142183,-0.723200008
2020/9/3,sh.000001,0.272200156,0.272482875,0.241585251,0.189783481,0.268197438,-0.676943068,-0.44864663,-0.561139354,-0.869798673
2020/9/4,sh.000001,0.021144902,0.028800976,0.071108198,0.079458814,0.194341137,-1.044487968,-0.79300769,-0.824047303,-0.115828963
2020/9/7,sh.000001,0.071303755,0.05906815,-0.088954865,-0.154407946,0.083995065,-0.619479911,-0.391810496,-1.718668496,-0.819317034
2020/9/8,sh.000001,-0.109499107,-0.104016821,-0.123226229,-0.065644908,-0.149917069,-0.505544317,-0.69543319,0.611682089,-0.612692735
2020/9/9,sh.000001,-0.184565498,-0.233356971,-0.2645054,-0.295835422,-0.06113681,0.371549258,-0.5268034,-1.71167891,-0.389881452
2020/9/10,sh.000001,-0.179982044,-0.248760001,-0.305219684,-0.369615555,-0.291371984,-0.054079477,-0.780885779,-0.584808021,-0.943530684
2020/9/11,sh.000001,-0.389546763,-0.334206147,-0.331725308,-0.27453271,-0.365166431,-1.043808914,-1.224886195,0.670390299,-0.143578282
2020/9/14,sh.000001,-0.203422402,-0.255977114,-0.180268219,-0.205732722,-0.270065139,-1.128578174,-1.108485079,0.470489219,-0.95650143
2020/9/15,sh.000001,-0.198929162,-0.203323723,-0.17055573,-0.142900861,-0.201251802,-1.305643747,-1.249834497,0.42373929,-0.437256443
2020/9/16,sh.000001,-0.139382881,-0.18560189,-0.143246046,-0.186693577,-0.138407751,-1.275562131,-1.326703769,-0.35862908,3.53753375
2020/9/17,sh.000001,-0.19820374,-0.230401845,-0.227441085,-0.236947293,-0.182208963,-1.248428267,-1.02677352,-0.407210385,-0.805120371
2020/9/18,sh.000001,-0.222011264,-0.052205786,-0.152752299,0.015095059,-0.23247243,-0.666971967,-0.559428102,1.819763127,0.539737293
2020/9/21,sh.000001,0.06751849,-0.006592111,0.013375523,-0.063714767,0.019618823,-1.100459225,-0.958916731,-0.607469836,-0.624786565
2020/9/22,sh.000001,-0.1486723,-0.119506876,-0.163282273,-0.222542946,-0.059206294,-1.127586765,-1.109351508,-1.192716974,-0.757372475
2020/9/23,sh.000001,-0.192590439,-0.232808045,-0.166309803,-0.202392135,-0.218065289,-1.616454817,-1.339084799,0.110107893,-0.535797726
2020/9/24,sh.000001,-0.251830068,-0.323616262,-0.329113979,-0.413005552,-0.197910568,-1.206951959,-1.197233339,-1.586495982,-0.905114417
2020/9/25,sh.000001,-0.357655269,-0.419860186,-0.378348087,-0.427007553,-0.408564847,-1.663945456,-1.501584805,-0.143001881,1.604983043
2020/9/28,sh.000001,-0.392541637,-0.424634281,-0.367690941,-0.434023642,-0.422569565,-1.760326033,-1.590673158,-0.090808123,-1.038428358
2020/9/29,sh.000001,-0.367006315,-0.407485176,-0.334507817,-0.40859875,-0.429587015,-1.810839745,-1.609815575,0.152244803,-0.156247205
2020/9/30,sh.000001,-0.363831013,-0.399601987,-0.399573621,-0.432095736,-0.40415719,-1.787347789,-1.622326164,-0.213959382,2.599951802
2020/10/9,sh.000001,-0.252826875,-0.267208901,-0.183850685,-0.230833129,-0.427658735,-1.407684365,-1.1493692,1.469571579,0.202455496
2020/10/12,sh.000001,-0.16106277,0.025254899,-0.087170345,0.091002409,-0.22635708,-0.630319454,-0.408215968,2.333080941,-0.455161861
2020/10/13,sh.000001,0.083194523,0.035217758,0.093287341,0.095788459,0.0955409,-1.2266858,-0.952317294,-0.003908941,0.157941335
2020/10/14,sh.000001,0.085063396,0.004696576,0.087561213,0.025110858,0.100327879,-1.295013295,-1.0118013,-0.545443773,-0.461347829
2020/10/15,sh.000001,0.045330359,0.008243397,0.076514343,-0.00690915,0.029636565,-1.378184217,-1.151976585,-0.26934435,-0.354487998
2020/10/16,sh.000001,0.013902556,-0.012672695,0.035895906,0.00864449,-0.002389655,-1.342594562,-1.236198359,0.074268077,-0.600184037
2020/10/19,sh.000001,0.075675967,0.069636093,-0.006131874,-0.079614871,0.013167002,-1.146247914,-0.989751893,-0.676049871,-0.630167956
2020/10/20,sh.000001,-0.087474697,-0.090219289,-0.05862138,-0.022109992,-0.075109483,-1.66108507,-1.443696,0.380248833,-0.358018279
2020/10/21,sh.000001,0.005327422,-0.075179235,-0.01982401,-0.033577588,-0.017593447,-1.524278405,-1.289641654,-0.121339733,-1.07656991
2020/10/22,sh.000001,-0.055284347,-0.117086171,-0.104865997,-0.080235526,-0.029063268,-1.651651324,-1.37401728,-0.376577281,-0.72090466
2020/10/23,sh.000001,-0.083731383,-0.097858139,-0.122567616,-0.208774902,-0.075730258,-1.561601609,-1.264822912,-0.97381234,-0.786510983
2020/10/26,sh.000001,-0.267334213,-0.326958538,-0.309104604,-0.308908302,-0.204294573,-1.632223863,-1.381839435,-0.774736681,-0.741464069
2020/10/27,sh.000001,-0.334022975,-0.349679838,-0.275754403,-0.296998498,-0.304447401,-1.835200873,-1.527391439,0.050052422,-0.527224282
2020/10/28,sh.000001,-0.276542328,-0.284468833,-0.265171472,-0.241406624,-0.292535286,-1.57279941,-1.213808857,0.373580793,-0.675589753
2020/10/29,sh.000001,-0.352491923,-0.232796516,-0.292238372,-0.228407134,-0.236932626,-1.447176504,-1.032482236,0.057598876,0.260216689
2020/10/30,sh.000001,-0.193350017,-0.269648944,-0.335882476,-0.407953507,-0.223930614,-0.951240793,-0.625090478,-1.360936781,-0.762336767
2020/11/2,sh.000001,-0.378663938,-0.407446498,-0.371357318,-0.405766311,-0.403511822,-0.988417163,-0.654200878,-0.021913727,0.498651329
2020/11/3,sh.000001,-0.337487481,-0.275137089,-0.267140971,-0.234565258,-0.401324202,-1.113600113,-0.829041427,1.241542401,1.285523269
2020/11/4,sh.000001,-0.212649822,-0.244490204,-0.206510548,-0.210849962,-0.230089933,-1.405629324,-1.096306486,0.136525869,-0.928280484
2020/11/5,sh.000001,-0.093303323,-0.11883671,-0.066700016,-0.05180012,-0.206370036,-0.988173749,-0.727312925,1.131726323,0.365550539
2020/11/6,sh.000001,-0.015768862,-0.096312517,-0.064646233,-0.081507758,-0.047289335,-0.90026461,-0.652880991,-0.253990075,3.31133837
2020/11/9,sh.000001,-0.004765011,0.105849223,0.074377767,0.147884024,-0.077002737,-0.078644812,0.193013002,1.631482616,0.143257653
2020/11/10,sh.000001,0.211278021,0.13113255,0.136819189,0.097273413,0.152433551,-0.422299962,-0.130408004,-0.399939671,-0.646465034
2020/11/11,sh.000001,0.086548396,0.050110539,0.110225551,0.030416978,0.10181312,-0.504035583,-0.407390026,-0.51796685,-0.53234905
2020/11/12,sh.000001,0.051025335,-0.00772455,0.074588479,0.017289706,0.034943714,-1.100478677,-0.965103197,-0.1329612,-0.515333521
2020/11/13,sh.000001,-0.012929542,-0.093468217,-0.066541516,-0.089161266,0.021813895,-0.976213975,-0.846872054,-0.806972127,-0.130146745
2020/11/16,sh.000001,-0.018900728,-0.020055305,0.015521795,0.04817495,-0.08465773,-0.412567216,-0.585947313,0.962028123,0.132287751
2020/11/17,sh.000001,0.061030895,-0.017345261,0.053948462,0.021820565,0.052705131,-0.368532148,-0.425034411,-0.228105614,-0.233973899
2020/11/18,sh.000001,0.024574882,0.024292419,0.091395414,0.049419986,0.026345633,-0.326022857,-0.383559175,0.160961577,-0.375102879
2020/11/19,sh.000001,0.031089949,0.055677156,0.078185862,0.108222802,0.053950409,-0.699657624,-0.701182393,0.385266928,0.184183425
2020/11/20,sh.000001,0.107234078,0.103340378,0.174624537,0.162759637,0.112764634,-0.61234209,-0.75673103,0.352697362,0.048862515
2020/11/23,sh.000001,0.198217444,0.29488434,0.255469079,0.299718095,0.16731205,0.615370539,0.205604566,0.93930613,0.08363668
2020/11/24,sh.000001,0.284736528,0.228958913,0.323558311,0.256252099,0.304297081,-0.179233937,-0.377397001,-0.34517534,-0.293140646
2020/11/25,sh.000001,0.322256172,0.264508943,0.197071078,0.105390736,0.260822651,0.050999337,-0.183284476,-1.107132719,-0.586727372
2020/11/26,sh.000001,0.108957792,0.07100283,0.129773225,0.132981216,0.109932018,-0.671049404,-0.719085897,0.15956851,-0.516568893
2020/11/27,sh.000001,0.160125332,0.208061044,0.205143374,0.276684552,0.137527852,-0.401051956,-0.648143972,0.989882278,-0.658226353
2020/11/30,sh.000001,0.324644424,0.388170534,0.306818878,0.215021356,0.281259069,0.736591779,0.391822059,-0.47445304,0.03066853
2020/12/1,sh.000001,0.216344842,0.391513554,0.288754388,0.439229586,0.219583909,-0.013561158,-0.168927664,1.555452232,0.40344756
2020/12/2,sh.000001,0.455917702,0.421613,0.471345666,0.429700327,0.443835639,-0.050390805,-0.184393829,-0.104821425,-0.232136452
2020/12/3,sh.000001,0.437437617,0.371154941,0.44499071,0.40271113,0.434304531,-0.206865053,-0.434759471,-0.226906552,-0.534596874
2020/12/4,sh.000001,0.39358853,0.357180384,0.401147829,0.411821651,0.407310098,-0.66679842,-0.621236082,0.025544861,-0.275637062
2020/12/7,sh.000001,0.430411709,0.361548735,0.390950891,0.307592894,0.416422387,-0.685924832,-0.560958524,-0.767784819,-0.940376512
2020/12/8,sh.000001,0.322919225,0.283760405,0.348853744,0.283651093,0.312173407,-0.987019467,-0.821713218,-0.207212302,0.414671573
2020/12/9,sh.000001,0.316922051,0.260978485,0.232829355,0.141291144,0.288226961,-0.618053147,-0.540868703,-1.044724931,-0.980753135
2020/12/10,sh.000001,0.130008042,0.120963285,0.180011662,0.146178153,0.145839392,-0.764582951,-0.684210098,-0.003325129,-0.802521692
2020/12/11,sh.000001,0.186723913,0.114606751,0.058503557,0.049001248,0.150727349,-0.20515076,-0.212670191,-0.732804555,-0.986791004
2020/12/14,sh.000001,0.06987667,0.069795639,0.108680085,0.130696414,0.05353159,-0.846361291,-0.727831163,0.550170679,-0.471300976
2020/12/15,sh.000001,0.133164781,0.078828374,0.145201772,0.123664679,0.135242607,-1.000538665,-0.735434686,-0.088586042,-0.472476166
2020/12/16,sh.000001,0.150546338,0.097812811,0.18529772,0.122735559,0.128209507,-1.05345668,-0.787801018,-0.044919542,-1.060621236
2020/12/17,sh.000001,0.135747568,0.200056244,0.166056603,0.263891823,0.127280206,-0.45759897,-0.335014849,0.97248376,-0.570561118
2020/12/18,sh.000001,0.259034144,0.228539037,0.2732382,0.226722536,0.268463858,-0.397314907,-0.421763033,-0.301455848,-1.047779649
2020/12/21,sh.000001,0.236421303,0.264968241,0.267140624,0.32236643,0.231287359,-0.367144004,-0.179875442,0.640960747,0.174682337
2020/12/22,sh.000001,0.297949688,0.235755406,0.165485631,0.084732522,0.326949809,0.061111504,0.211240404,-1.713188739,-0.569526396
2020/12/23,sh.000001,0.117909374,0.155629678,0.189144228,0.179869758,0.089269797,-0.195268411,0.057833856,0.645033964,-0.700355929
2020/12/24,sh.000001,0.191123227,0.155130215,0.166095016,0.108318546,0.184425491,-0.462169396,-0.346505157,-0.548286492,-0.827983735
2020/12/25,sh.000001,0.078252443,0.166034356,0.144926169,0.232931326,0.112860396,-0.24952977,-0.380733158,0.855050274,-0.013143985
2020/12/28,sh.000001,0.24371451,0.223726264,0.276606599,0.235624061,0.237497353,-0.013642256,-0.064397437,-0.01915364,-0.690265016
2020/12/29,sh.000001,0.254610328,0.203528685,0.248388431,0.167638078,0.240190611,-0.061751196,-0.194418496,-0.520738613,-0.625633767
2020/12/30,sh.000001,0.164451137,0.230921063,0.242152867,0.29957951,0.172191438,-0.287945684,-0.231351052,0.903130398,-0.235697232
2020/12/31,sh.000001,0.33046711,0.455788484,0.411136293,0.517951119,0.304158468,0.198887673,0.359278331,1.503645586,0.651281863
2021/1/4,sh.000001,0.53447867,0.592414549,0.550912141,0.62930065,0.522572446,0.690807288,0.94947045,0.734697723,0.402251043
2021/1/5,sh.000001,0.599491609,0.655716957,0.653504334,0.725112187,0.63394358,0.987431097,1.311030535,0.621161411,-0.254627415
2021/1/6,sh.000001,0.743224781,0.760316012,0.759460822,0.80781657,0.729773706,0.575670562,0.936773619,0.526802001,0.194991971
2021/1/7,sh.000001,0.824905363,0.832473759,0.809774965,0.902173703,0.812494135,0.95856253,1.130384101,0.60238779,-1.04111819
2021/1/8,sh.000001,0.916914492,0.876573424,0.87792536,0.879462036,0.906869575,0.306654862,0.777828402,-0.191379301,-0.250898966
2021/1/11,sh.000001,0.89326178,0.912423578,0.773856324,0.735621977,0.884153502,0.491151216,0.978038321,-1.009633294,-0.575265677
2021/1/12,sh.000001,0.695346146,0.951981586,0.775656507,1.021887552,0.740285535,0.065129333,0.645029912,1.91604912,-0.477288525
2021/1/13,sh.000001,1.049037562,1.004079729,0.992430389,0.98579901,1.026606651,0.770804182,1.204419259,-0.279394013,-0.467333997
2021/1/14,sh.000001,0.943793368,0.917467301,0.9327808,0.863801849,0.990511107,0.329648933,0.851952632,-0.855591155,-0.497792716
2021/1/15,sh.000001,0.874563771,0.881047395,0.83651778,0.865564719,0.868490277,0.078285071,0.601084948,-0.026348009,-0.905325527
2021/1/18,sh.000001,0.831918276,0.953571836,0.875576581,0.976753312,0.870253489,-0.172055022,0.369473044,0.713386761,-0.628013264
2021/1/19,sh.000001,0.986204975,0.932675455,0.90825437,0.865578131,0.981463653,0.06549337,0.496295603,-0.783591774,1.618554105
2021/1/20,sh.000001,0.866531033,0.883639174,0.921004832,0.927832179,0.870266903,-0.49240175,-0.072616368,0.382580491,-0.315676023
2021/1/21,sh.000001,0.966039785,1.055762459,1.030497168,1.070039385,0.932533029,0.109405624,0.516150596,0.918593352,0.080879065
2021/1/22,sh.000001,1.061136973,0.982481943,1.027633732,1.015966738,1.074767826,0.076653294,0.642446819,-0.398266374,0.58491189
2021/1/25,sh.000001,1.019634929,1.058945189,1.049959812,1.081118792,1.020684688,0.108032635,0.980961507,0.397242275,-0.994738061
2021/1/26,sh.000001,1.040452776,0.961761471,0.951955161,0.876931729,1.085849382,-0.42841917,0.244658659,-1.396568221,-0.516294209
2021/1/27,sh.000001,0.879255629,0.84211418,0.883895391,0.891506328,0.881622704,-0.581421164,-0.079701654,0.060175735,-0.937529817
2021/1/28,sh.000001,0.75718861,0.733322684,0.698867693,0.637561774,0.89620013,-0.507766581,-0.117727368,-1.751628767,-0.635034341
2021/1/29,sh.000001,0.709108015,0.666581677,0.511160417,0.555204973,0.642206307,-0.259170743,0.084344969,-0.604733102,-0.973358211
2021/2/1,sh.000001,0.543730964,0.572828375,0.598159596,0.637963002,0.559833528,-0.434655632,-0.28049459,0.5345721,-0.645664885
2021/2/2,sh.000001,0.668607974,0.681100326,0.693979562,0.743769849,0.642607613,-0.576694953,-0.178021121,0.689471995,-0.799204594
2021/2/3,sh.000001,0.744122464,0.7127387,0.742233583,0.682758975,0.748434988,-0.218948164,0.061688251,-0.454526163,-0.367638915
2021/2/4,sh.000001,0.642509467,0.641009011,0.582852627,0.625205665,0.687412276,-0.20277717,0.102272765,-0.432764318,1.208333473
2021/2/5,sh.000001,0.663703761,0.684966982,0.684261852,0.604617862,0.629847801,-0.297511839,-0.070616294,-0.180007526,-0.770578579
2021/2/8,sh.000001,0.645422295,0.706038157,0.681152275,0.739157031,0.609256003,-0.737419573,-0.379980093,0.889461095,-0.780631517
2021/2/9,sh.000001,0.776137584,0.935886821,0.817450453,1.003819625,0.743821275,-0.693565248,-0.279725331,1.768082226,1.672814324
2021/2/10,sh.000001,1.046555755,1.154394732,1.130084206,1.196047708,1.008535218,-0.64865415,-0.109071173,1.247843986,3.3864727
2021/2/18,sh.000001,1.449265544,1.410714575,1.320876072,1.271558673,1.200800597,0.249425655,0.627021141,0.459810835,0.514177627
2021/2/19,sh.000001,1.22910275,1.291569351,1.2103037,1.349088071,1.276326212,0.475675717,0.638705788,0.470304196,5.668472942
2021/2/22,sh.000001,1.397679234,1.357086059,1.241742581,1.148946817,1.353870652,1.868690524,1.564513702,-1.343744843,-0.799332718
2021/2/23,sh.000001,1.065447928,1.189299885,1.149463685,1.126267934,1.153690567,0.887963555,0.59531955,-0.188378503,-0.538006633
2021/2/24,sh.000001,1.144281393,1.090732323,0.828333229,0.857004071,1.131007284,0.48765998,0.634171206,-1.823505099,-0.722199052
2021/2/25,sh.000001,0.983182999,0.952791959,0.965873299,0.93511091,0.861691179,0.532072616,0.312742177,0.490089161,-0.441056319
2021/2/26,sh.000001,0.682553612,0.736526612,0.71313192,0.652107687,0.939813172,0.17278688,0.148776529,-1.941453239,-0.194362434
2021/3/1,sh.000001,0.745352044,0.744563396,0.755218997,0.809765339,0.656755042,-0.021209272,-0.029440664,1.044927738,-0.131483478
2021/3/2,sh.000001,0.876669872,0.797691333,0.65592248,0.65028521,0.814443282,0.244207599,0.174639845,-1.120925969,-0.689001375
2021/3/3,sh.000001,0.629066873,0.837744342,0.705731289,0.904781126,0.654932212,0.329540195,0.075931699,1.710503019,-0.118319967
2021/3/4,sh.000001,0.801635038,0.743209304,0.663426788,0.631287045,0.909477504,0.830644691,0.454439786,-1.881690573,-0.750457942
2021/3/5,sh.000001,0.492264939,0.636718388,0.548900873,0.625680657,0.63593036,0.424969367,0.022164505,-0.076846914,-0.079075124
2021/3/8,sh.000001,0.721231185,0.706396669,0.416687885,0.325513667,0.630322884,0.759030472,0.386623484,-2.104755546,-0.450046233
2021/3/9,sh.000001,0.314178142,0.285577142,0.070213514,0.094082588,0.330097657,0.983686983,0.405547268,-1.669066866,-0.714607529
2021/3/10,sh.000001,0.219508264,0.166103158,0.169084133,0.088290301,0.098621677,-0.192808217,-0.538811946,-0.079837832,-0.816839223
2021/3/11,sh.000001,0.145494367,0.314142869,0.225321318,0.382949253,0.092828266,0.051019366,-0.294001169,2.077449994,-0.023172768
2021/3/12,sh.000001,0.432474003,0.379876767,0.40185828,0.44347396,0.387544387,0.442608742,-0.195544044,0.3863133,-0.35756421
2021/3/15,sh.000001,0.412718674,0.390969834,0.309630104,0.320042884,0.448080836,0.549310555,-0.198119039,-0.900059724,-0.584570261
2021/3/16,sh.000001,0.348753774,0.358962906,0.360595029,0.419838761,0.324625812,-0.008330149,-0.596984163,0.665255442,-0.567438011
2021/3/17,sh.000001,0.389886424,0.378202468,0.375911321,0.415433449,0.424441052,-0.40748569,-0.805558767,-0.069081307,-0.552511778
2021/3/18,sh.000001,0.44152508,0.467787874,0.521715751,0.480692422,0.420034885,-0.360121267,-0.725401922,0.418365518,-0.735711125
2021/3/19,sh.000001,0.345861365,0.324155563,0.297636338,0.26311023,0.48530652,-0.090181028,-0.535411009,-1.553038123,-0.233824794
2021/3/22,sh.000001,0.279962252,0.339537394,0.353358119,0.407566473,0.267682112,-0.053138746,-0.595793835,0.984665687,-0.005784555
2021/3/23,sh.000001,0.425559471,0.346069094,0.300451293,0.288612238,0.412166383,0.097656457,-0.50719133,-0.871126862,-0.133125835
2021/3/24,sh.000001,0.235433035,0.234048752,0.196538892,0.123023906,0.293189068,-0.000371336,-0.496478379,-1.208488002,1.901226462
2021/3/25,sh.000001,0.090431301,0.111065136,0.132336445,0.110100043,0.12756861,-0.50979855,-0.93841394,-0.130806482,-0.196861667
2021/3/26,sh.000001,0.158171443,0.263533818,0.238056116,0.314011797,0.114642239,-0.46685193,-0.677788805,1.423316544,-0.009821925
2021/3/29,sh.000001,0.367241284,0.362499314,0.374439325,0.377228867,0.318593556,-0.355538072,-0.632969315,0.407600011,-0.141759681
2021/3/30,sh.000001,0.377994914,0.391510206,0.424520008,0.456881383,0.38182289,-0.349008804,-0.603154434,0.520743821,-0.41419802
2021/3/31,sh.000001,0.451053213,0.371328247,0.415258777,0.401875145,0.461490861,-0.374891108,-0.744471462,-0.421918874,-0.464079406
2021/4/1,sh.000001,0.423589618,0.437613303,0.482363447,0.492849967,0.406473951,-0.45999044,-0.918745188,0.598977425,-0.432923532
2021/4/2,sh.000001,0.526861732,0.50290092,0.571893772,0.560134453,0.497466423,-0.597255793,-0.713871127,0.429715737,-0.663172678
2021/4/6,sh.000001,0.597421518,0.524078458,0.605193253,0.554825725,0.564763963,-0.901545314,-0.969937386,-0.074999372,-0.550726378
2021/4/7,sh.000001,0.566932607,0.487410866,0.535952008,0.542376108,0.559454206,-0.236008861,-0.667731749,-0.124443821,-0.603285408
2021/4/8,sh.000001,0.507777623,0.53385202,0.558812885,0.553288616,0.547002173,0.156162312,-0.470477406,0.03734237,-0.2305109
2021/4/9,sh.000001,0.537315391,0.457753981,0.494721575,0.434531083,0.557916798,-0.407208988,-0.807243041,-0.860410754,-0.986473664
2021/4/12,sh.000001,0.427893891,0.386019458,0.3521166,0.293972749,0.439136224,-0.085650485,-0.54433442,-1.020324253,-0.516951001
2021/4/13,sh.000001,0.299156251,0.271609279,0.292449109,0.232586352,0.298550619,-0.51034418,-0.935847042,-0.471904922,-0.830515196
2021/4/14,sh.000001,0.246172185,0.251650461,0.311368752,0.308030631,0.237152312,-0.917947522,-1.110185548,0.497262872,1.221279718
2021/4/15,sh.000001,0.292923334,0.212921048,0.237223713,0.241965103,0.312611229,-0.909631334,-1.081366656,-0.504443052,0.942179134
2021/4/16,sh.000001,0.283917179,0.29851298,0.315692251,0.344899649,0.246532883,-0.641688643,-0.892031638,0.691856645,2.178697002
2021/4/19,sh.000001,0.359503691,0.471005563,0.391108271,0.534638033,0.3494874,-0.160244055,-0.304795095,1.296711808,1.000388743
2021/4/20,sh.000001,0.506519085,0.527863296,0.574249264,0.517479481,0.539262596,-0.350349891,-0.381631977,-0.157224458,2.282922755
2021/4/21,sh.000001,0.466242166,0.479340611,0.524452761,0.517431423,0.522100716,-0.694043911,-0.665602114,-0.038599994,0.444400188
2021/4/22,sh.000001,0.564748543,0.494616078,0.547591107,0.488313519,0.522052648,-0.723083015,-0.72093212,-0.240405201,1.306719148
2021/4/23,sh.000001,0.487725293,0.483459788,0.547655625,0.52203679,0.492929095,-0.742208119,-0.672873642,0.196370269,0.781763055
2021/4/26,sh.000001,0.569479754,0.538360206,0.481419534,0.399097098,0.526658909,-0.441166277,-0.145355932,-0.891418397,0.220418772
2021/4/27,sh.000001,0.406069957,0.340259626,0.401954499,0.404481451,0.403695364,-0.702171897,-0.640240842,-0.000543486,-0.485961665
2021/4/28,sh.000001,0.376630198,0.389404502,0.42455581,0.458340631,0.409080762,-0.763789022,-0.457051803,0.338920279,-0.309948992
2021/4/29,sh.000001,0.472860812,0.468096924,0.515041609,0.524775349,0.462950392,-0.444866659,-0.279369042,0.425043438,-0.511694718
2021/4/30,sh.000001,0.510803682,0.434102928,0.437897009,0.420296988,0.529397999,-0.052034576,-0.037821545,-0.763151142,3.309173093
2021/5/6,sh.000001,0.42828259,0.442107728,0.437697113,0.399532227,0.424899367,-0.076415963,-0.045246924,-0.183507708,-0.188110158
2021/5/7,sh.000001,0.429517739,0.39246934,0.400130074,0.316051093,0.404130578,0.396361104,0.040213763,-0.623127694,-0.820887461
2021/5/10,sh.000001,0.344808128,0.287754995,0.344782353,0.350015027,0.320633248,0.618628827,-0.051781581,0.201241064,-0.253818282
2021/5/11,sh.000001,0.281726803,0.356036044,0.280494876,0.401628895,0.35460377,0.365272977,-0.127833009,0.324737222,-0.172431959
2021/5/12,sh.000001,0.367694952,0.424000606,0.443461654,0.479512208,0.406227653,-0.065290798,-0.50409,0.507287386,2.057056494
2021/5/13,sh.000001,0.376544068,0.355742243,0.406131059,0.35577155,0.484126077,0.020635152,-0.402733981,-0.899807337,-0.272561573
2021/5/14,sh.000001,0.391222924,0.514271797,0.421721089,0.582426637,0.36036141,0.213153272,0.040521467,1.555096555,0.156408601
2021/5/17,sh.000001,0.592875561,0.662518285,0.673750153,0.68390566,0.587060472,0.051280226,0.148703652,0.662685767,0.128352748
2021/5/18,sh.000001,0.705140465,0.656972868,0.751016704,0.726370262,0.688559184,-0.502902683,-0.567501279,0.252780054,-0.176539909
2021/5/19,sh.000001,0.706851557,0.627575198,0.724735962,0.659127501,0.731032026,-0.426443145,-0.454590172,-0.497651963,0.683644054
2021/5/20,sh.000001,0.63173876,0.615042874,0.658543132,0.644150184,0.663776218,0.093512401,-0.127598182,-0.141113921,0.110561036
2021/5/21,sh.000001,0.668707841,0.617411884,0.634705524,0.56819813,0.648795995,-0.366419037,-0.405576193,-0.560417223,-0.471085815
2021/5/24,sh.000001,0.577513234,0.542759424,0.598158104,0.608154033,0.572829205,-0.304456455,-0.31524083,0.238025759,-0.361611883
2021/5/25,sh.000001,0.637907822,0.863612297,0.719618473,0.921311944,0.61279286,0.259588141,0.535252525,2.120557829,1.047115705
2021/5/26,sh.000001,0.950870879,0.933941406,1.02888532,0.966073642,0.926011529,0.267647383,0.402591692,0.263065039,5.380431036
2021/5/27,sh.000001,0.946768195,1.018996312,1.006100895,1.023794223,0.970781912,-0.085931276,0.185360894,0.349004072,-0.185575651
2021/5/28,sh.000001,1.039703593,1.003457167,1.017654218,0.993743847,1.028513692,0.346461832,0.375173663,-0.239021116,-0.480075541
2021/5/31,sh.000001,0.999992459,0.97919694,1.011293345,1.048481109,0.998457485,0.153637571,0.352897526,0.328230218,0.203245374
2021/6/1,sh.000001,1.031651179,1.01793751,1.015989038,1.082890976,1.053205367,0.38574162,0.53079082,0.191190503,-0.475672396
2021/6/2,sh.000001,1.097475671,1.029897478,1.025998761,0.980159093,1.08762191,0.339370263,0.393255311,-0.721574692,-0.552067163
2021/6/3,sh.000001,0.982734158,0.98979575,1.02454392,0.932005025,0.984870095,0.401241847,0.302798485,-0.361012833,-0.451485742
2021/6/4,sh.000001,0.871545136,0.990886908,0.941323374,0.960439686,0.936706684,0.146760555,0.236188706,0.153000167,-0.728495836
2021/6/7,sh.000001,0.989118916,0.922367099,1.015941675,0.989111656,0.965146862,-0.149527729,0.211402354,0.154186654,-0.081483518
2021/6/8,sh.000001,0.99510124,1.001012289,0.946393873,0.916709184,0.993824395,-0.14110179,0.300004859,-0.523210387,2.332285398
2021/6/9,sh.000001,0.913607397,0.916164903,0.981398438,0.958769951,0.921407876,-0.208354804,-0.023294685,0.244980316,-0.148635077
2021/6/10,sh.000001,0.953430277,1.011502132,1.024274657,1.03127599,0.963476804,0.00809078,0.291543004,0.448471395,-0.711389688
2021/6/11,sh.000001,1.052127847,0.974537019,1.035522168,0.952628965,1.03599691,0.470171397,0.722781808,-0.56338389,-0.722629249
2021/6/15,sh.000001,0.953198617,0.894737076,0.886487327,0.828985539,0.957334626,0.346022825,0.312612618,-0.868674848,-0.606161723
2021/6/16,sh.000001,0.83903217,0.776270199,0.761075654,0.686563376,0.833667212,-0.052722003,0.036407953,-1.003722414,-1.22794632
2021/6/17,sh.000001,0.65935865,0.676249247,0.737932087,0.713665826,0.691217416,-0.438340738,-0.140505548,0.14745215,-0.267309562
2021/6/18,sh.000001,0.704575423,0.681546979,0.722379724,0.711775547,0.718325124,-0.225960368,0.325390424,-0.051193284,-0.229986126
2021/6/21,sh.000001,0.68602777,0.698928895,0.7254535,0.726996879,0.716434478,-0.398343779,0.165594972,0.065836923,-0.25339019
2021/6/22,sh.000001,0.776193271,0.772932386,0.847794754,0.832163325,0.731658763,-0.107902231,0.250853222,0.680168714,2.199059249
2021/6/23,sh.000001,0.848999863,0.837165292,0.896412019,0.864976475,0.836845614,-0.073304988,0.520142649,0.184114692,-0.775932455
2021/6/24,sh.000001,0.883069481,0.811211427,0.8925629,0.866593309,0.86966513,0.196345345,0.446666216,-0.027336,-0.44336464
2021/6/25,sh.000001,0.878619678,0.974143919,0.951128725,1.018992526,0.871282277,0.312432876,0.62987145,0.99189778,-0.361901832
2021/6/28,sh.000001,1.045198465,0.974364457,1.061882719,1.014560763,1.023711063,0.0418926,0.404203089,-0.067884041,-0.122964312
2021/6/29,sh.000001,1.005958448,0.927761897,0.973525291,0.890897966,1.01927844,-0.123877872,0.281680286,-0.864977068,-0.279875208
2021/6/30,sh.000001,0.898096941,0.899095757,0.969705262,0.958026729,0.89559165,-0.537201407,0.069518503,0.414671331,-0.321809725
2021/7/1,sh.000001,1.001760352,0.949623733,0.986250393,0.949028344,0.962733438,-0.278572734,0.360549634,-0.098677021,0.477696838
2021/7/2,sh.000001,0.887955503,0.808996756,0.763982352,0.688166426,0.953733306,-0.277892852,0.373699923,-1.790728055,-0.06813167
2021/7/5,sh.000001,0.691307688,0.676712636,0.749957926,0.746144061,0.692820777,-0.319878037,0.318386113,0.358975594,-0.381962256
2021/7/6,sh.000001,0.751478413,0.691680913,0.699049688,0.731006551,0.75080966,-0.036662582,0.7026515,-0.14152708,-1.028556282
2021/7/7,sh.000001,0.660372534,0.764320644,0.727186927,0.8183923,0.735669214,0.015334678,0.416980895,0.558519201,0.422020638
2021/7/8,sh.000001,0.840902528,0.767289159,0.78904134,0.713292166,0.823071917,0.364659616,0.977738714,-0.751292557,-0.655928084
2021/7/9,sh.000001,0.673898288,0.658071463,0.654769348,0.708017713,0.717951392,0.353826822,0.703736561,-0.07433652,-0.444517402
2021/7/12,sh.000001,0.796278271,0.790923104,0.812666373,0.796489423,0.712675915,0.939932532,1.284632786,0.566993468,0.186320684
2021/7/13,sh.000001,0.805158572,0.800031707,0.870183862,0.866103788,0.80116479,0.490470385,0.856746334,0.434797602,-0.195641781
2021/7/14,sh.000001,0.85430614,0.77528838,0.805584606,0.724458003,0.870792662,0.597376667,0.822728867,-0.995777172,0.157760474
2021/7/15,sh.000001,0.699253182,0.794279884,0.763681762,0.858905154,0.729119395,0.499655843,0.820834059,0.880374275,0.101654579
2021/7/16,sh.000001,0.849472093,0.79451976,0.851213872,0.764702626,0.863592631,0.529700945,0.911193715,-0.675410372,0.731755211
2021/7/19,sh.000001,0.741687806,0.715974611,0.734160914,0.764027207,0.769371827,0.210739701,0.654593022,-0.042867216,-0.681974172
2021/7/20,sh.000001,0.684435849,0.692756079,0.744787106,0.755339522,0.768696276,-0.257884925,0.133909576,-0.097449217,-0.187240686
2021/7/21,sh.000001,0.788317556,0.806013737,0.87107146,0.851718441,0.760006905,0.234920904,0.899849161,0.618721074,2.205549711
2021/7/22,sh.000001,0.86482254,0.833472685,0.927907214,0.896696586,0.856404524,0.693819349,1.300908699,0.266109847,1.522723573
2021/7/23,sh.000001,0.894724505,0.8162942,0.86531587,0.80602725,0.901391396,1.406391079,1.60396457,-0.649773807,0.060686686
2021/7/26,sh.000001,0.769609894,0.690443598,0.429841868,0.49698295,0.810704468,1.367804082,1.886290921,-2.136861655,-1.717135553
2021/7/27,sh.000001,0.507629865,0.489094462,0.264009788,0.175636933,0.501600209,1.65339498,2.401937742,-2.272602612,-1.401468336
2021/7/28,sh.000001,0.093209365,0.123375064,0.012067248,0.102641747,0.180191845,0.854733184,1.284138841,-0.558753805,-0.77482285
2021/7/29,sh.000001,0.271481416,0.238928839,0.272567653,0.289413949,0.107182496,0.295877369,1.082115089,1.301262853,-0.029305119
2021/7/30,sh.000001,0.250534373,0.195320455,0.227365777,0.235892292,0.293990935,0.697896088,1.317524705,-0.416483128,-0.796770506
2021/8/2,sh.000001,0.204106584,0.416267293,0.216895101,0.485227379,0.240458894,1.259269719,2.038725774,1.731136758,0.125056192
2021/8/3,sh.000001,0.430917723,0.439941404,0.469819221,0.424525343,0.489842357,0.907860934,1.597680934,-0.460715477,-0.729847427
2021/8/4,sh.000001,0.41663462,0.465751715,0.489665621,0.533409016,0.429128543,0.341396061,1.139380389,0.723078053,-0.158094169
2021/8/5,sh.000001,0.486361692,0.497586453,0.521757148,0.493660619,0.538033341,0.338045543,1.087394638,-0.313862318,-0.484441055
2021/8/6,sh.000001,0.500341855,0.424073498,0.4753007,0.462659886,0.498277232,0.211431554,0.893103969,-0.253872414,-0.526337126
2021/8/9,sh.000001,0.412229367,0.559633695,0.481906594,0.598291722,0.467270485,0.354107875,1.080090721,0.907301515,0.374073443
2021/8/10,sh.000001,0.586397619,0.660381341,0.624970659,0.729784612,0.602928635,0.301803972,1.192977536,0.868895618,-0.299361355
2021/8/11,sh.000001,0.729125075,0.713054444,0.800179207,0.739807489,0.734447038,0.72343797,1.099880935,0.030189316,-0.436657635
2021/8/12,sh.000001,0.712843904,0.691863145,0.760652366,0.71043663,0.74447186,0.693901548,1.069272503,-0.238715737,0.585172848
2021/8/13,sh.000001,0.6821909,0.698125588,0.71348957,0.678999651,0.715095301,0.662420535,1.026720304,-0.253296685,0.507423789
2021/8/16,sh.000001,0.681735748,0.689832565,0.75114947,0.682895698,0.683652223,0.803207816,1.047376947,-0.011554194,-0.02888221
2021/8/17,sh.000001,0.673436453,0.667053248,0.479744659,0.420742548,0.687549026,1.149778762,1.33056163,-1.835170576,-1.088192363
2021/8/18,sh.000001,0.414445729,0.502343812,0.478131691,0.563463118,0.425345014,0.782535675,1.047409337,0.959968611,-0.149559768
2021/8/19,sh.000001,0.536775594,0.476397757,0.509174509,0.489955686,0.568093274,0.708167747,1.0673615,-0.546750615,-0.705961936
2021/8/20,sh.000001,0.415036017,0.374843829,0.318817119,0.347567051,0.49457158,0.803613383,1.18672629,-1.028841632,-0.700285413
2021/8/23,sh.000001,0.39383801,0.479352512,0.474326952,0.533086767,0.35215532,0.733729376,1.280980828,1.266756824,-0.021198717
2021/8/24,sh.000001,0.562643555,0.633479501,0.640174695,0.672189951,0.537711029,1.229924681,1.700235378,0.926229623,-0.600133937
2021/8/25,sh.000001,0.694991602,0.699296705,0.748049589,0.76872571,0.676841202,1.445923713,1.558756401,0.623969102,0.274322042
2021/8/26,sh.000001,0.767009659,0.687844753,0.708467553,0.62447958,0.773395691,2.022226187,1.75132231,-1.020554185,-0.486387591
2021/8/27,sh.000001,0.60775712,0.661354979,0.685800605,0.700822432,0.629121575,1.503698692,1.53371093,0.487361408,1.174666744
2021/8/30,sh.000001,0.758689202,0.695946619,0.758963692,0.723154478,0.705479238,2.129978102,2.372584417,0.114596964,0.070360688
2021/8/31,sh.000001,0.699110251,0.712482088,0.697041403,0.781975176,0.727815617,2.254485782,2.408124208,0.363679329,-0.160234475
2021/9/1,sh.000001,0.791335448,0.855230389,0.765234686,0.8682582,0.786647727,3.814424392,3.533866727,0.548713841,0.02589826
2021/9/2,sh.000001,0.850869849,0.911171759,0.925608409,0.97980406,0.872947492,2.783063242,2.307780373,0.71564926,1.104557423
2021/9/3,sh.000001,1.00991189,0.972841893,0.96932449,0.922774545,0.984514994,3.239344998,2.734743714,-0.420508741,0.249198415
2021/9/6,sh.000001,0.926006406,1.018728915,1.009387246,1.072256757,0.927474414,2.227317334,2.007955392,0.96792553,1.54694525
2021/9/7,sh.000001,1.080329858,1.225650618,1.13992797,1.27613908,1.076985628,2.510895048,2.046677488,1.318898489,3.604690491
2021/9/8,sh.000001,1.272237923,1.275466776,1.310941311,1.270923116,1.280907508,2.933006128,2.172026307,-0.072471013,1.439449798
2021/9/9,sh.000001,1.247818208,1.268510365,1.315280474,1.337768747,1.275690531,3.133343554,2.213461055,0.400242174,-0.135557033
2021/9/10,sh.000001,1.338258435,1.377935953,1.387922563,1.374951073,1.342549132,3.46469381,2.85818153,0.204464609,-0.045483812
2021/9/13,sh.000001,1.368210147,1.355466801,1.429595676,1.420632206,1.379738672,2.617333941,2.348907418,0.259142715,0.10105109
2021/9/14,sh.000001,1.406746646,1.38155046,1.290930445,1.224038672,1.425428667,2.698763258,2.329360128,-1.313975781,-0.620882061
2021/9/15,sh.000001,1.18965706,1.209291059,1.226368483,1.200276808,1.228796991,1.717664696,1.604264177,-0.194680986,-0.124942791
2021/9/16,sh.000001,1.240454092,1.210753746,1.108538317,1.017243068,1.205030517,2.500205511,2.168844002,-1.245199944,-0.462244817
2021/9/17,sh.000001,0.982177283,0.998910304,0.96884638,1.042851996,1.021961265,2.174294211,1.803478107,0.132899943,-0.528247697
2021/9/22,sh.000001,0.863139293,1.030508512,0.936149198,1.096957799,1.047575161,1.688510028,1.245084748,0.322681303,0.272262901
2021/9/23,sh.000001,1.190057268,1.1848486,1.203841761,1.14811046,1.101691462,2.372136313,1.838985508,0.301614644,0.835726634
2021/9/24,sh.000001,1.1403157,1.112235647,1.112507522,1.039502841,1.152854048,2.070218113,1.624969405,-0.757183677,-0.130135845
2021/9/27,sh.000001,1.096107243,1.072733423,0.933956681,0.926858726,1.044225357,2.10835786,1.899352139,-0.789919406,-0.583793513
2021/9/28,sh.000001,0.917633232,0.96156957,0.967161435,0.999086103,0.931559387,1.38183222,0.760912789,0.447760042,-0.471019664
2021/9/29,sh.000001,0.901416659,0.822481519,0.777815087,0.753491339,1.003800777,1.472790708,0.850187384,-1.682008647,-0.27395585
2021/9/30,sh.000001,0.784140621,0.81842073,0.866875507,0.872229501,0.758158364,0.852598408,0.320839646,0.771251587,0.859602922
2021/10/8,sh.000001,1.03346882,0.967657219,0.978032277,0.961638899,0.876919563,0.978329234,0.703283103,0.565852787,-0.233305548
2021/10/11,sh.000001,1.001056833,0.975634127,1.034028915,0.959933028,0.966346308,0.838768021,0.506587486,-0.049715788,-0.447220803
2021/10/12,sh.000001,0.930295829,0.860122749,0.76697408,0.793136542,0.964640106,0.959058867,0.452407321,-1.157886705,-0.81920738
2021/10/13,sh.000001,0.789945116,0.806175142,0.768866007,0.848370031,0.797811259,0.083059846,-0.008848801,0.337167044,-0.367329962
2021/10/14,sh.000001,0.833072122,0.808232499,0.88646868,0.835395129,0.853055464,-0.244925325,-0.231537293,-0.126092867,-0.659822976
2021/10/15,sh.000001,0.821485036,0.842000006,0.869728129,0.88787404,0.840078045,0.031185738,0.160428787,0.317306632,-0.761627991
2021/10/18,sh.000001,0.892248267,0.813297048,0.857736974,0.872121836,0.892567138,0.256420633,0.402243501,-0.144575481,-0.076778676
2021/10/19,sh.000001,0.859753863,0.909021798,0.936592251,0.965314774,0.876811877,0.182791519,0.275874401,0.59142199,-0.022672055
2021/10/20,sh.000001,0.937496967,0.906278655,0.987586639,0.942394483,0.970022896,0.292340144,0.359286429,-0.192057422,-0.680805422
2021/10/21,sh.000001,0.962790976,0.961730231,0.995265483,0.971386468,0.947098159,0.380284053,0.38429951,0.156597352,-0.527327277
2021/10/22,sh.000001,0.98022525,0.949150303,1.004236566,0.926012682,0.976095768,0.389511848,0.399433679,-0.342576924,-0.867763906
2021/10/25,sh.000001,0.904183585,0.962215934,0.949957692,1.027563979,0.930713179,0.041040425,0.306482834,0.645127374,0.47174827
2021/10/26,sh.000001,1.047375104,1.014002424,1.045057883,0.982021059,1.032284178,0.216380432,0.478294929,-0.342435911,-0.370604938
2021/10/27,sh.000001,0.962077062,0.883248306,0.908642601,0.850392563,0.986732423,0.361858391,0.52362456,-0.920365629,-0.506440413
2021/10/28,sh.000001,0.809288358,0.742612402,0.745889518,0.686888978,0.855078389,0.66225027,0.784403547,-1.144841633,-0.944495141
2021/10/29,sh.000001,0.700235509,0.725111478,0.720955092,0.794626339,0.691543081,0.451138796,0.98075907,0.699983319,0.114209105
2021/11/1,sh.000001,0.741328065,0.759526838,0.782448499,0.783984296,0.799301345,0.706731727,1.279296554,-0.110594884,0.30696812
2021/11/2,sh.000001,0.789540082,0.768667424,0.627207929,0.639247156,0.788657238,1.091744896,1.452736241,-1.022759201,-0.585626719
2021/11/3,sh.000001,0.632584468,0.595960626,0.637738648,0.612828321,0.643892015,-0.118028387,0.348209091,-0.219957384,-0.570012598
2021/11/4,sh.000001,0.650364747,0.653020674,0.721718128,0.718365447,0.617468055,0.021894497,0.507842593,0.689016621,0.356399992
2021/11/5,sh.000001,0.703501396,0.645287362,0.678645742,0.586865478,0.723025657,0.404518638,0.64545098,-0.93718752,-0.835172199
2021/11/8,sh.000001,0.598673745,0.57612156,0.65173212,0.613178511,0.591500175,-0.209876612,0.128387102,0.14342474,-0.14891174
2021/11/9,sh.000001,0.654868381,0.604671667,0.669645197,0.644364024,0.617818313,-0.328369995,0.122176344,0.176634704,-0.272031208
2021/11/10,sh.000001,0.624563239,0.545142567,0.518211603,0.590195633,0.649009876,-0.113415896,0.299608083,-0.410653982,-0.152178298
2021/11/11,sh.000001,0.578181113,0.676254826,0.646470676,0.740420322,0.594830976,0.05075674,0.475250281,0.998770603,0.486216005
2021/11/12,sh.000001,0.755268133,0.711395393,0.812654812,0.76394413,0.745084811,-0.095396718,0.301915861,0.12227006,1.777785006
2021/11/15,sh.000001,0.787760681,0.73666905,0.789915886,0.74234562,0.768613183,-0.04813931,0.469266251,-0.185401956,-0.034567747
2021/11/16,sh.000001,0.74155527,0.734146073,0.776915554,0.699444025,0.747010483,-0.076680726,0.312466863,-0.331003959,-0.198292287
2021/11/17,sh.000001,0.697402871,0.688577398,0.760940649,0.757484247,0.704100564,-0.443729626,-0.036930823,0.359062717,0.390467831
2021/11/18,sh.000001,0.745396965,0.690300416,0.759413831,0.695435098,0.762152047,-0.054579684,0.216892438,-0.461169054,-0.501768427
2021/11/19,sh.000001,0.700043202,0.77932202,0.776337124,0.843195792,0.700090859,0.006075514,0.279210558,0.973576837,-0.149861591
2021/11/22,sh.000001,0.861488715,0.865881638,0.944529916,0.924060933,0.847880221,0.137125884,0.834122006,0.509317258,0.920902436
2021/11/23,sh.000001,0.927359613,0.914925357,0.999017637,0.950175029,0.928761052,0.464246833,0.825708735,0.137494999,0.055715609
2021/11/24,sh.000001,0.962677002,0.931142106,0.991288819,0.963635353,0.954880214,0.210895617,0.606558837,0.052151454,-0.060300297
2021/11/25,sh.000001,0.975185902,0.910361758,1.007119768,0.931880968,0.96834315,-0.119730937,0.359901836,-0.251358427,-0.659899618
2021/11/26,sh.000001,0.911053568,0.832135329,0.915176891,0.857039462,0.936582604,-0.179169368,0.230876766,-0.541694797,-0.336749433
2021/11/29,sh.000001,0.7349266,0.785883472,0.808796743,0.851851439,0.861726577,0.17647505,0.679581811,-0.073361103,0.908361228
2021/11/30,sh.000001,0.89112932,0.854454604,0.883409822,0.856286182,0.856537547,0.346234042,0.708473581,-0.008256101,0.183413649
2021/12/1,sh.000001,0.858233594,0.83500529,0.929390398,0.904709598,0.860973151,0.135644484,0.497267299,0.289312362,0.002884471
2021/12/2,sh.000001,0.900410571,0.872127346,0.96088895,0.893348922,0.909405962,0.399153802,0.504571216,-0.114841448,-0.759280313
2021/12/3,sh.000001,0.912300968,0.952468405,0.983550677,1.018509711,0.898043081,0.655483529,0.708149682,0.806075569,0.370722579
2021/12/6,sh.000001,1.056294016,1.018130898,1.034239626,0.950982328,1.023228154,1.103886405,0.988840344,-0.489567503,0.032313713
2021/12/7,sh.000001,1.041374961,0.973863878,0.98114633,0.972523094,0.955687669,0.94214628,0.955551649,0.106421789,-0.372710065
2021/12/8,sh.000001,1.010215943,1.061231637,1.053559807,1.130776441,0.977232615,0.47542334,0.647159546,1.023008712,-0.085786244
2021/12/9,sh.000001,1.15253057,1.249717828,1.227784538,1.262930967,1.135516666,1.248260576,1.315160244,0.837635588,-0.353500361
2021/12/10,sh.000001,1.201574559,1.173321524,1.274962626,1.237995595,1.267696831,1.118192074,1.216330636,-0.201939126,2.379365571
2021/12/13,sh.000001,1.322484763,1.326127149,1.37455936,1.292886345,1.242756622,1.162930291,1.360983821,0.322685793,1.605233855
2021/12/14,sh.000001,1.258889256,1.187541908,1.287283087,1.220029372,1.297658022,0.487801526,0.658779414,-0.515444779,-0.252820248
2021/12/15,sh.000001,1.204100915,1.175355452,1.252175964,1.168264624,1.224786913,0.65468344,0.607481948,-0.379111926,-0.021895244
2021/12/16,sh.000001,1.181373729,1.199954481,1.250020741,1.270287931,1.173012122,0.696680934,0.484214179,0.636064804,0.102683239
2021/12/17,sh.000001,1.260563965,1.194887328,1.20152319,1.111390459,1.275055224,0.992794429,0.695088464,-1.080686001,-0.304673737
2021/12/20,sh.000001,1.074119587,1.084433433,1.043768628,0.966985998,1.116126922,1.160306985,0.694084378,-0.996731032,-0.350416642
2021/12/21,sh.000001,0.967997015,1.02171119,1.05156905,1.084423242,0.971694445,0.989485419,0.180299976,0.74961369,0.140625837
2021/12/22,sh.000001,1.121042625,1.054478656,1.145161443,1.07508249,1.089154473,0.843827316,0.213272869,-0.100388939,-0.768891651
2021/12/23,sh.000001,1.094287375,1.08291682,1.150756669,1.15227809,1.079811909,0.714084962,0.355278181,0.475486657,-0.905258905
2021/12/24,sh.000001,1.168260063,1.103035556,1.128452219,1.058078543,1.157022487,0.795007541,0.568022982,-0.661619816,-0.37276497
2021/12/27,sh.000001,1.048168466,1.040676661,1.090665145,1.050331899,1.062804663,0.128685782,0.011095265,-0.089887495,-0.294307889
2021/12/28,sh.000001,1.072652407,1.036543352,1.110912829,1.102999689,1.055056516,-0.013416559,0.02144383,0.312893008,-0.256569616
2021/12/29,sh.000001,1.114507139,1.035945707,1.069733489,0.979646102,1.107734525,-0.134120496,0.034918019,-0.857516839,-0.519881499
2021/12/30,sh.000001,0.986708761,1.028514378,1.066650017,1.06230727,0.984357005,-0.10459973,0.063445402,0.515778718,-0.563728723
2021/12/31,sh.000001,1.097155282,1.080302727,1.176466812,1.139001801,1.067034211,0.133555589,0.221686139,0.472635854,0.868256996
